2026-08-12T15:25:48.485+0200 [INFO]  OpenTofu version: 1.12.3
2026-08-12T15:25:48.539+0200 [DEBUG] using github.com/hashicorp/go-getter v1.8.6
2026-08-12T15:25:48.539+0200 [DEBUG] using github.com/hashicorp/hcl v1.0.1-vault-7
2026-08-12T15:25:48.539+0200 [DEBUG] using github.com/opentofu/hcl/v2 v2.20.2-0.20251021132045-587d123c2828
2026-08-12T15:25:48.539+0200 [DEBUG] using github.com/opentofu/registry-address/v2 v2.0.0-20260307135325-45f3562374e4
2026-08-12T15:25:48.539+0200 [DEBUG] using github.com/opentofu/svchost v0.0.0-20250610175836-86c9e5e3d8c8
2026-08-12T15:25:48.539+0200 [DEBUG] using github.com/zclconf/go-cty v1.18.0
2026-08-12T15:25:48.539+0200 [INFO]  Go runtime version: go1.26.4
2026-08-12T15:25:48.539+0200 [INFO]  CLI args: []string{"C:\\Users\\lgrosjean\\AppData\\Local\\Microsoft\\WinGet\\Packages\\OpenTofu.Tofu_Microsoft.Winget.Source_8wekyb3d8bbwe\\tofu.exe", "apply", "-target=module.vms[\"hdvdevops\"]"}
2026-08-12T15:25:48.548+0200 [DEBUG] Attempting to open CLI config file: C:\Users\lgrosjean\AppData\Roaming\tofu.rc
2026-08-12T15:25:48.548+0200 [INFO]  Loading CLI configuration from C:\Users\lgrosjean\AppData\Roaming\tofu.rc
2026-08-12T15:25:48.549+0200 [DEBUG] ignoring non-existing provider search directory terraform.d\plugins
2026-08-12T15:25:48.549+0200 [DEBUG] ignoring non-existing provider search directory C:\Users\lgrosjean\AppData\Roaming\terraform.d\plugins
2026-08-12T15:25:48.552+0200 [DEBUG] ignoring non-existing provider search directory C:\Users\lgrosjean\AppData\Roaming\HashiCorp\Terraform\plugins
2026-08-12T15:25:48.552+0200 [DEBUG] Found the config directory: C:\Users\lgrosjean\AppData\Roaming\terraform.d
2026-08-12T15:25:48.552+0200 [INFO]  CLI command args: []string{"apply", "-target=module.vms[\"hdvdevops\"]"}
2026-08-12T15:25:48.562+0200 [DEBUG] checking for provisioner in "."
2026-08-12T15:25:48.563+0200 [DEBUG] checking for provisioner in "C:\\Users\\lgrosjean\\AppData\\Local\\Microsoft\\WinGet\\Packages\\OpenTofu.Tofu_Microsoft.Winget.Source_8wekyb3d8bbwe"
2026-08-12T15:25:48.563+0200 [INFO]  backend/local: starting Apply operation
2026-08-12T15:25:48.616+0200 [DEBUG] created provider logger: level=debug
2026-08-12T15:25:48.617+0200 [INFO]  provider: configuring client automatic mTLS
2026-08-12T15:25:48.627+0200 [DEBUG] provider: starting plugin: path=.terraform/providers/registry.opentofu.org/nutanix/nutanix/2.4.2/windows_amd64/terraform-provider-nutanix_v2.4.2.exe args=[".terraform/providers/registry.opentofu.org/nutanix/nutanix/2.4.2/windows_amd64/terraform-provider-nutanix_v2.4.2.exe"]
2026-08-12T15:25:48.895+0200 [DEBUG] provider: plugin started: path=.terraform/providers/registry.opentofu.org/nutanix/nutanix/2.4.2/windows_amd64/terraform-provider-nutanix_v2.4.2.exe pid=12044
2026-08-12T15:25:48.895+0200 [DEBUG] provider: waiting for RPC address: plugin=.terraform/providers/registry.opentofu.org/nutanix/nutanix/2.4.2/windows_amd64/terraform-provider-nutanix_v2.4.2.exe
2026-08-12T15:25:49.025+0200 [INFO]  provider.terraform-provider-nutanix_v2.4.2.exe: configuring server automatic mTLS: timestamp="2026-08-12T15:25:48.971+0200"
2026-08-12T15:25:49.036+0200 [DEBUG] provider: using plugin: version=5
2026-08-12T15:25:49.036+0200 [DEBUG] provider.terraform-provider-nutanix_v2.4.2.exe: plugin address: address=127.0.0.1:10000 network=tcp timestamp="2026-08-12T15:25:49.036+0200"
2026-08-12T15:25:49.179+0200 [DEBUG] provider.stdio: received EOF, stopping recv loop: err="rpc error: code = Unavailable desc = error reading from server: EOF"
2026-08-12T15:25:49.188+0200 [INFO]  provider: plugin process exited: plugin=.terraform/providers/registry.opentofu.org/nutanix/nutanix/2.4.2/windows_amd64/terraform-provider-nutanix_v2.4.2.exe id=12044
2026-08-12T15:25:49.188+0200 [DEBUG] provider: plugin exited
2026-08-12T15:25:49.189+0200 [DEBUG] Building and walking validate graph
2026-08-12T15:25:49.190+0200 [ERROR] no module call found in "module.vms" for "vms"
2026-08-12T15:25:49.190+0200 [ERROR] no module call found in "module.vms" for "vms"
2026-08-12T15:25:49.190+0200 [ERROR] no module call found in "module.vms" for "vms"
2026-08-12T15:25:49.190+0200 [ERROR] no module call found in "module.vms" for "vms"
2026-08-12T15:25:49.190+0200 [ERROR] no module call found in "module.vms" for "vms"
2026-08-12T15:25:49.191+0200 [ERROR] no module call found in "module.vms" for "vms"
2026-08-12T15:25:49.191+0200 [ERROR] no module call found in "module.vms" for "vms"
2026-08-12T15:25:49.191+0200 [ERROR] no module call found in "module.vms" for "vms"
2026-08-12T15:25:49.191+0200 [ERROR] no module call found in "module.vms" for "vms"
2026-08-12T15:25:49.191+0200 [ERROR] no module call found in "module.vms" for "vms"
2026-08-12T15:25:49.191+0200 [ERROR] no module call found in "module.vms" for "vms"
2026-08-12T15:25:49.191+0200 [ERROR] no module call found in "module.vms" for "vms"
2026-08-12T15:25:49.191+0200 [ERROR] no module call found in "module.vms" for "vms"
2026-08-12T15:25:49.191+0200 [ERROR] no module call found in "module.vms" for "vms"
2026-08-12T15:25:49.191+0200 [ERROR] no module call found in "module.vms" for "vms"
2026-08-12T15:25:49.191+0200 [ERROR] no module call found in "module.vms" for "vms"
2026-08-12T15:25:49.193+0200 [DEBUG] ProviderTransformer: "module.vms.nutanix_virtual_machine_v2.this" (*tofu.NodeValidatableResource) needs provider["registry.opentofu.org/nutanix/nutanix"]
2026-08-12T15:25:49.195+0200 [INFO]  ReferenceTransformer: reference not found: "each.value"
2026-08-12T15:25:49.195+0200 [DEBUG] ReferenceTransformer: "module.vms.var.description (expand, input)" references: []
2026-08-12T15:25:49.195+0200 [DEBUG] ReferenceTransformer: "module.vms (close)" references: []
2026-08-12T15:25:49.195+0200 [INFO]  ReferenceTransformer: reference not found: "each.value"
2026-08-12T15:25:49.195+0200 [DEBUG] ReferenceTransformer: "module.vms.var.power_state (expand, input)" references: []
2026-08-12T15:25:49.195+0200 [DEBUG] ReferenceTransformer: "module.vms.nutanix_virtual_machine_v2.this" references: [module.vms.var.num_sockets (expand, reference) module.vms.var.num_sockets (expand, input) module.vms.var.num_cores_per_socket (expand, reference) module.vms.var.num_cores_per_socket (expand, input) module.vms.var.description (expand, input) module.vms.var.description (expand, reference) module.vms.var.name (expand, input) module.vms.var.name (expand, reference) module.vms.var.power_state (expand, input) module.vms.var.power_state (expand, reference) module.vms.var.memory_size_bytes (expand, reference) module.vms.var.memory_size_bytes (expand, input) module.vms.var.ssh_keys (expand, reference) module.vms.var.ssh_keys (expand, input) module.vms.var.cluster_ext_id (expand, input) module.vms.var.cluster_ext_id (expand, reference) module.vms.var.disk_size_bytes (expand, input) module.vms.var.disk_size_bytes (expand, reference) module.vms.var.image_ext_id (expand, reference) module.vms.var.image_ext_id (expand, input) module.vms.var.boot_order (expand, reference) module.vms.var.boot_order (expand, input) module.vms.var.subnet_ext_id (expand, input) module.vms.var.subnet_ext_id (expand, reference) module.vms.local.cloud_init_metadata (expand) module.vms.local.cloud_init_user_data (expand)]
2026-08-12T15:25:49.196+0200 [DEBUG] ReferenceTransformer: "var.nutanix_port" references: []
2026-08-12T15:25:49.196+0200 [DEBUG] ReferenceTransformer: "module.vms.var.num_sockets (expand, reference)" references: []
2026-08-12T15:25:49.196+0200 [DEBUG] ReferenceTransformer: "module.vms.var.boot_order (expand, reference)" references: []
2026-08-12T15:25:49.196+0200 [DEBUG] ReferenceTransformer: "module.vms.var.ssh_keys (expand, reference)" references: []
2026-08-12T15:25:49.196+0200 [DEBUG] ReferenceTransformer: "module.vms.var.num_cores_per_socket (expand, reference)" references: []
2026-08-12T15:25:49.196+0200 [DEBUG] ReferenceTransformer: "module.vms.var.cloud_init_user (expand, reference)" references: []
2026-08-12T15:25:49.196+0200 [INFO]  ReferenceTransformer: reference not found: "each.value"
2026-08-12T15:25:49.196+0200 [DEBUG] ReferenceTransformer: "module.vms.var.num_cores_per_socket (expand, input)" references: []
2026-08-12T15:25:49.196+0200 [INFO]  ReferenceTransformer: reference not found: "each.value"
2026-08-12T15:25:49.196+0200 [DEBUG] ReferenceTransformer: "module.vms.var.disk_size_bytes (expand, input)" references: []
2026-08-12T15:25:49.196+0200 [INFO]  ReferenceTransformer: reference not found: "each.key"
2026-08-12T15:25:49.196+0200 [DEBUG] ReferenceTransformer: "module.vms.var.name (expand, input)" references: []
2026-08-12T15:25:49.196+0200 [DEBUG] ReferenceTransformer: "var.nutanix_endpoint" references: []
2026-08-12T15:25:49.196+0200 [DEBUG] ReferenceTransformer: "var.nutanix_image_uuid" references: []
2026-08-12T15:25:49.196+0200 [DEBUG] ReferenceTransformer: "var.nutanix_storage_container_uuid" references: []
2026-08-12T15:25:49.196+0200 [DEBUG] ReferenceTransformer: "module.vms.var.virtio_iso_ext_id (expand, input)" references: []
2026-08-12T15:25:49.196+0200 [INFO]  ReferenceTransformer: reference not found: "each.value"
2026-08-12T15:25:49.196+0200 [DEBUG] ReferenceTransformer: "module.vms.var.cloud_init_user (expand, input)" references: []
2026-08-12T15:25:49.196+0200 [DEBUG] ReferenceTransformer: "module.vms.var.name (expand, reference)" references: []
2026-08-12T15:25:49.196+0200 [DEBUG] ReferenceTransformer: "module.vms.var.storage_container_ext_id (expand, reference)" references: []
2026-08-12T15:25:49.196+0200 [DEBUG] ReferenceTransformer: "module.vms.local.cloud_init_metadata (expand)" references: [module.vms.var.cloud_init_metadata (expand, reference) module.vms.var.cloud_init_metadata (expand, input) module.vms.var.cloud_init_metadata (expand, reference) module.vms.var.cloud_init_metadata (expand, input) module.vms.var.name (expand, input) module.vms.var.name (expand, reference) module.vms.var.name (expand, input) module.vms.var.name (expand, reference)]
2026-08-12T15:25:49.196+0200 [DEBUG] ReferenceTransformer: "var.nutanix_cluster_uuid (expand, reference)" references: []
2026-08-12T15:25:49.196+0200 [DEBUG] ReferenceTransformer: "var.nutanix_username" references: []
2026-08-12T15:25:49.196+0200 [DEBUG] ReferenceTransformer: "module.vms.var.virtio_iso_ext_id (expand, reference)" references: []
2026-08-12T15:25:49.196+0200 [DEBUG] ReferenceTransformer: "module.vms.var.storage_container_ext_id (expand, input)" references: [var.nutanix_storage_container_uuid var.nutanix_storage_container_uuid (expand, reference)]
2026-08-12T15:25:49.196+0200 [DEBUG] ReferenceTransformer: "var.nutanix_port (expand, reference)" references: []
2026-08-12T15:25:49.196+0200 [DEBUG] ReferenceTransformer: "var.vms (expand, reference)" references: []
2026-08-12T15:25:49.196+0200 [DEBUG] ReferenceTransformer: "var.nutanix_password" references: []
2026-08-12T15:25:49.196+0200 [DEBUG] ReferenceTransformer: "var.nutanix_insecure (expand, reference)" references: []
2026-08-12T15:25:49.196+0200 [DEBUG] ReferenceTransformer: "var.nutanix_cluster_uuid" references: []
2026-08-12T15:25:49.196+0200 [DEBUG] ReferenceTransformer: "module.vms.var.power_state (expand, reference)" references: []
2026-08-12T15:25:49.196+0200 [INFO]  ReferenceTransformer: reference not found: "path.module"
2026-08-12T15:25:49.196+0200 [DEBUG] ReferenceTransformer: "module.vms.local.cloud_init_user_data (expand)" references: [module.vms.var.cloud_init_user (expand, reference) module.vms.var.cloud_init_user (expand, input) module.vms.var.ssh_keys (expand, reference) module.vms.var.ssh_keys (expand, input)]
2026-08-12T15:25:49.196+0200 [DEBUG] ReferenceTransformer: "module.vms.output.name (expand)" references: [module.vms.nutanix_virtual_machine_v2.this]
2026-08-12T15:25:49.196+0200 [DEBUG] ReferenceTransformer: "var.nutanix_insecure" references: []
2026-08-12T15:25:49.196+0200 [DEBUG] ReferenceTransformer: "var.nutanix_endpoint (expand, reference)" references: []
2026-08-12T15:25:49.196+0200 [DEBUG] ReferenceTransformer: "var.nutanix_subnet_uuid" references: []
2026-08-12T15:25:49.196+0200 [DEBUG] ReferenceTransformer: "module.vms.var.disk_size_bytes (expand, reference)" references: []
2026-08-12T15:25:49.196+0200 [DEBUG] ReferenceTransformer: "module.vms.var.subnet_ext_id (expand, input)" references: [var.nutanix_subnet_uuid var.nutanix_subnet_uuid (expand, reference)]
2026-08-12T15:25:49.196+0200 [INFO]  ReferenceTransformer: reference not found: "each.value"
2026-08-12T15:25:49.196+0200 [DEBUG] ReferenceTransformer: "module.vms.var.ssh_keys (expand, input)" references: []
2026-08-12T15:25:49.196+0200 [DEBUG] ReferenceTransformer: "module.vms.var.image_ext_id (expand, reference)" references: []
2026-08-12T15:25:49.196+0200 [DEBUG] ReferenceTransformer: "var.nutanix_storage_container_uuid (expand, reference)" references: []
2026-08-12T15:25:49.196+0200 [DEBUG] ReferenceTransformer: "module.vms.var.subnet_ext_id (expand, reference)" references: []
2026-08-12T15:25:49.196+0200 [DEBUG] ReferenceTransformer: "module.vms.var.memory_size_bytes (expand, reference)" references: []
2026-08-12T15:25:49.196+0200 [DEBUG] ReferenceTransformer: "module.vms.var.cluster_ext_id (expand, input)" references: [var.nutanix_cluster_uuid (expand, reference) var.nutanix_cluster_uuid]
2026-08-12T15:25:49.196+0200 [DEBUG] ReferenceTransformer: "module.vms.var.image_ext_id (expand, input)" references: [var.nutanix_image_uuid var.nutanix_image_uuid (expand, reference)]
2026-08-12T15:25:49.196+0200 [DEBUG] ReferenceTransformer: "module.vms.output.ext_id (expand)" references: [module.vms.nutanix_virtual_machine_v2.this]
2026-08-12T15:25:49.196+0200 [DEBUG] ReferenceTransformer: "var.nutanix_subnet_uuid (expand, reference)" references: []
2026-08-12T15:25:49.196+0200 [DEBUG] ReferenceTransformer: "var.vms" references: []
2026-08-12T15:25:49.196+0200 [DEBUG] ReferenceTransformer: "module.vms.var.description (expand, reference)" references: []
2026-08-12T15:25:49.196+0200 [INFO]  ReferenceTransformer: reference not found: "each.value"
2026-08-12T15:25:49.196+0200 [DEBUG] ReferenceTransformer: "module.vms.var.boot_order (expand, input)" references: []
2026-08-12T15:25:49.196+0200 [DEBUG] ReferenceTransformer: "module.vms.var.cloud_init_metadata (expand, reference)" references: []
2026-08-12T15:25:49.196+0200 [INFO]  ReferenceTransformer: reference not found: "each.value"
2026-08-12T15:25:49.196+0200 [DEBUG] ReferenceTransformer: "module.vms.var.num_sockets (expand, input)" references: []
2026-08-12T15:25:49.196+0200 [INFO]  ReferenceTransformer: reference not found: "each.value"
2026-08-12T15:25:49.196+0200 [DEBUG] ReferenceTransformer: "module.vms.var.memory_size_bytes (expand, input)" references: []
2026-08-12T15:25:49.196+0200 [DEBUG] ReferenceTransformer: "output.vms (expand)" references: [module.vms (close) module.vms.output.name (expand) module.vms.output.ext_id (expand)]
2026-08-12T15:25:49.196+0200 [DEBUG] ReferenceTransformer: "var.nutanix_password (expand, reference)" references: []
2026-08-12T15:25:49.196+0200 [DEBUG] ReferenceTransformer: "var.nutanix_image_uuid (expand, reference)" references: []
2026-08-12T15:25:49.196+0200 [DEBUG] ReferenceTransformer: "var.nutanix_username (expand, reference)" references: []
2026-08-12T15:25:49.196+0200 [DEBUG] ReferenceTransformer: "module.vms.var.cluster_ext_id (expand, reference)" references: []
2026-08-12T15:25:49.196+0200 [DEBUG] ReferenceTransformer: "module.vms.var.cloud_init_metadata (expand, input)" references: []
2026-08-12T15:25:49.197+0200 [DEBUG] ReferenceTransformer: "provider[\"registry.opentofu.org/nutanix/nutanix\"]" references: [var.nutanix_username var.nutanix_username (expand, reference) var.nutanix_password var.nutanix_password (expand, reference) var.nutanix_port var.nutanix_port (expand, reference) var.nutanix_endpoint var.nutanix_endpoint (expand, reference) var.nutanix_insecure (expand, reference) var.nutanix_insecure]
2026-08-12T15:25:49.197+0200 [DEBUG] ReferenceTransformer: "module.vms (expand)" references: [var.vms (expand, reference) var.vms]
2026-08-12T15:25:49.200+0200 [DEBUG] Starting graph walk: walkValidate
2026-08-12T15:25:49.202+0200 [DEBUG] created provider logger: level=debug
2026-08-12T15:25:49.202+0200 [INFO]  provider: configuring client automatic mTLS
2026-08-12T15:25:49.209+0200 [DEBUG] provider: starting plugin: path=.terraform/providers/registry.opentofu.org/nutanix/nutanix/2.4.2/windows_amd64/terraform-provider-nutanix_v2.4.2.exe args=[".terraform/providers/registry.opentofu.org/nutanix/nutanix/2.4.2/windows_amd64/terraform-provider-nutanix_v2.4.2.exe"]
2026-08-12T15:25:49.231+0200 [DEBUG] provider: plugin started: path=.terraform/providers/registry.opentofu.org/nutanix/nutanix/2.4.2/windows_amd64/terraform-provider-nutanix_v2.4.2.exe pid=6016
2026-08-12T15:25:49.231+0200 [DEBUG] provider: waiting for RPC address: plugin=.terraform/providers/registry.opentofu.org/nutanix/nutanix/2.4.2/windows_amd64/terraform-provider-nutanix_v2.4.2.exe
2026-08-12T15:25:49.333+0200 [INFO]  provider.terraform-provider-nutanix_v2.4.2.exe: configuring server automatic mTLS: timestamp="2026-08-12T15:25:49.284+0200"
2026-08-12T15:25:49.344+0200 [DEBUG] provider.terraform-provider-nutanix_v2.4.2.exe: plugin address: address=127.0.0.1:10000 network=tcp timestamp="2026-08-12T15:25:49.343+0200"
2026-08-12T15:25:49.344+0200 [DEBUG] provider: using plugin: version=5
2026-08-12T15:25:49.446+0200 [DEBUG] provider.stdio: received EOF, stopping recv loop: err="rpc error: code = Unavailable desc = error reading from server: EOF"
2026-08-12T15:25:49.453+0200 [INFO]  provider: plugin process exited: plugin=.terraform/providers/registry.opentofu.org/nutanix/nutanix/2.4.2/windows_amd64/terraform-provider-nutanix_v2.4.2.exe id=6016
2026-08-12T15:25:49.453+0200 [DEBUG] provider: plugin exited
2026-08-12T15:25:49.453+0200 [INFO]  backend/local: apply calling Plan
2026-08-12T15:25:49.454+0200 [DEBUG] Building and walking plan graph for NormalMode
2026-08-12T15:25:49.454+0200 [ERROR] no module call found in "module.vms" for "vms"
2026-08-12T15:25:49.454+0200 [ERROR] no module call found in "module.vms" for "vms"
2026-08-12T15:25:49.454+0200 [ERROR] no module call found in "module.vms" for "vms"
2026-08-12T15:25:49.454+0200 [ERROR] no module call found in "module.vms" for "vms"
2026-08-12T15:25:49.454+0200 [ERROR] no module call found in "module.vms" for "vms"
2026-08-12T15:25:49.454+0200 [ERROR] no module call found in "module.vms" for "vms"
2026-08-12T15:25:49.454+0200 [ERROR] no module call found in "module.vms" for "vms"
2026-08-12T15:25:49.454+0200 [ERROR] no module call found in "module.vms" for "vms"
2026-08-12T15:25:49.454+0200 [ERROR] no module call found in "module.vms" for "vms"
2026-08-12T15:25:49.454+0200 [ERROR] no module call found in "module.vms" for "vms"
2026-08-12T15:25:49.454+0200 [ERROR] no module call found in "module.vms" for "vms"
2026-08-12T15:25:49.454+0200 [ERROR] no module call found in "module.vms" for "vms"
2026-08-12T15:25:49.454+0200 [ERROR] no module call found in "module.vms" for "vms"
2026-08-12T15:25:49.454+0200 [ERROR] no module call found in "module.vms" for "vms"
2026-08-12T15:25:49.454+0200 [ERROR] no module call found in "module.vms" for "vms"
2026-08-12T15:25:49.454+0200 [ERROR] no module call found in "module.vms" for "vms"
2026-08-12T15:25:49.457+0200 [DEBUG] ProviderTransformer: "module.vms.nutanix_virtual_machine_v2.this (expand)" (*tofu.nodeExpandPlannableResource) needs provider["registry.opentofu.org/nutanix/nutanix"]
2026-08-12T15:25:49.459+0200 [DEBUG] ReferenceTransformer: "var.nutanix_subnet_uuid" references: []
2026-08-12T15:25:49.459+0200 [DEBUG] ReferenceTransformer: "var.nutanix_storage_container_uuid" references: []
2026-08-12T15:25:49.459+0200 [DEBUG] ReferenceTransformer: "module.vms.var.cloud_init_metadata (expand, reference)" references: []
2026-08-12T15:25:49.459+0200 [INFO]  ReferenceTransformer: reference not found: "path.module"
2026-08-12T15:25:49.459+0200 [DEBUG] ReferenceTransformer: "module.vms.local.cloud_init_user_data (expand)" references: [module.vms.var.cloud_init_user (expand, reference) module.vms.var.cloud_init_user (expand, input) module.vms.var.ssh_keys (expand, input) module.vms.var.ssh_keys (expand, reference)]
2026-08-12T15:25:49.459+0200 [DEBUG] ReferenceTransformer: "var.nutanix_password" references: []
2026-08-12T15:25:49.459+0200 [INFO]  ReferenceTransformer: reference not found: "each.value"
2026-08-12T15:25:49.459+0200 [DEBUG] ReferenceTransformer: "module.vms.var.power_state (expand, input)" references: []
2026-08-12T15:25:49.459+0200 [DEBUG] ReferenceTransformer: "module.vms.var.cluster_ext_id (expand, input)" references: [var.nutanix_cluster_uuid (expand, reference) var.nutanix_cluster_uuid]
2026-08-12T15:25:49.459+0200 [INFO]  ReferenceTransformer: reference not found: "each.key"
2026-08-12T15:25:49.459+0200 [DEBUG] ReferenceTransformer: "module.vms.var.name (expand, input)" references: []
2026-08-12T15:25:49.459+0200 [DEBUG] ReferenceTransformer: "module.vms (close)" references: []
2026-08-12T15:25:49.459+0200 [DEBUG] ReferenceTransformer: "var.nutanix_endpoint (expand, reference)" references: []
2026-08-12T15:25:49.459+0200 [DEBUG] ReferenceTransformer: "var.nutanix_insecure" references: []
2026-08-12T15:25:49.459+0200 [DEBUG] ReferenceTransformer: "var.nutanix_subnet_uuid (expand, reference)" references: []
2026-08-12T15:25:49.459+0200 [DEBUG] ReferenceTransformer: "module.vms.var.cluster_ext_id (expand, reference)" references: []
2026-08-12T15:25:49.459+0200 [DEBUG] ReferenceTransformer: "module.vms.var.name (expand, reference)" references: []
2026-08-12T15:25:49.459+0200 [DEBUG] ReferenceTransformer: "module.vms.var.cloud_init_user (expand, reference)" references: []
2026-08-12T15:25:49.459+0200 [DEBUG] ReferenceTransformer: "module.vms.var.num_cores_per_socket (expand, reference)" references: []
2026-08-12T15:25:49.459+0200 [DEBUG] ReferenceTransformer: "module.vms.output.name (expand)" references: [module.vms.nutanix_virtual_machine_v2.this (expand)]
2026-08-12T15:25:49.459+0200 [DEBUG] ReferenceTransformer: "var.vms" references: []
2026-08-12T15:25:49.459+0200 [INFO]  ReferenceTransformer: reference not found: "each.value"
2026-08-12T15:25:49.459+0200 [DEBUG] ReferenceTransformer: "module.vms.var.boot_order (expand, input)" references: []
2026-08-12T15:25:49.459+0200 [DEBUG] ReferenceTransformer: "module.vms.var.boot_order (expand, reference)" references: []
2026-08-12T15:25:49.459+0200 [DEBUG] ReferenceTransformer: "module.vms.var.memory_size_bytes (expand, reference)" references: []
2026-08-12T15:25:49.459+0200 [INFO]  ReferenceTransformer: reference not found: "each.value"
2026-08-12T15:25:49.459+0200 [DEBUG] ReferenceTransformer: "module.vms.var.description (expand, input)" references: []
2026-08-12T15:25:49.459+0200 [DEBUG] ReferenceTransformer: "provider[\"registry.opentofu.org/nutanix/nutanix\"]" references: [var.nutanix_username var.nutanix_username (expand, reference) var.nutanix_password var.nutanix_password (expand, reference) var.nutanix_port (expand, reference) var.nutanix_port var.nutanix_endpoint (expand, reference) var.nutanix_endpoint var.nutanix_insecure var.nutanix_insecure (expand, reference)]
2026-08-12T15:25:49.459+0200 [INFO]  ReferenceTransformer: reference not found: "each.value"
2026-08-12T15:25:49.459+0200 [DEBUG] ReferenceTransformer: "module.vms.var.disk_size_bytes (expand, input)" references: []
2026-08-12T15:25:49.459+0200 [DEBUG] ReferenceTransformer: "module.vms.var.virtio_iso_ext_id (expand, reference)" references: []
2026-08-12T15:25:49.459+0200 [DEBUG] ReferenceTransformer: "module.vms.local.cloud_init_metadata (expand)" references: [module.vms.var.cloud_init_metadata (expand, reference) module.vms.var.cloud_init_metadata (expand, input) module.vms.var.cloud_init_metadata (expand, reference) module.vms.var.cloud_init_metadata (expand, input) module.vms.var.name (expand, input) module.vms.var.name (expand, reference) module.vms.var.name (expand, input) module.vms.var.name (expand, reference)]
2026-08-12T15:25:49.459+0200 [DEBUG] ReferenceTransformer: "var.nutanix_insecure (expand, reference)" references: []
2026-08-12T15:25:49.459+0200 [DEBUG] ReferenceTransformer: "var.nutanix_username" references: []
2026-08-12T15:25:49.459+0200 [INFO]  ReferenceTransformer: reference not found: "each.value"
2026-08-12T15:25:49.459+0200 [DEBUG] ReferenceTransformer: "module.vms.var.ssh_keys (expand, input)" references: []
2026-08-12T15:25:49.459+0200 [DEBUG] ReferenceTransformer: "module.vms.var.storage_container_ext_id (expand, input)" references: [var.nutanix_storage_container_uuid var.nutanix_storage_container_uuid (expand, reference)]
2026-08-12T15:25:49.459+0200 [DEBUG] ReferenceTransformer: "module.vms.var.storage_container_ext_id (expand, reference)" references: []
2026-08-12T15:25:49.459+0200 [DEBUG] ReferenceTransformer: "var.nutanix_image_uuid" references: []
2026-08-12T15:25:49.459+0200 [DEBUG] ReferenceTransformer: "module.vms.var.disk_size_bytes (expand, reference)" references: []
2026-08-12T15:25:49.459+0200 [DEBUG] ReferenceTransformer: "module.vms.var.cloud_init_metadata (expand, input)" references: []
2026-08-12T15:25:49.459+0200 [DEBUG] ReferenceTransformer: "module.vms.nutanix_virtual_machine_v2.this (expand)" references: [module.vms.var.description (expand, input) module.vms.var.description (expand, reference) module.vms.var.name (expand, input) module.vms.var.name (expand, reference) module.vms.var.power_state (expand, input) module.vms.var.power_state (expand, reference) module.vms.var.memory_size_bytes (expand, reference) module.vms.var.memory_size_bytes (expand, input) module.vms.var.num_sockets (expand, input) module.vms.var.num_sockets (expand, reference) module.vms.var.num_cores_per_socket (expand, reference) module.vms.var.num_cores_per_socket (expand, input) module.vms.var.ssh_keys (expand, input) module.vms.var.ssh_keys (expand, reference) module.vms.var.cluster_ext_id (expand, input) module.vms.var.cluster_ext_id (expand, reference) module.vms.var.disk_size_bytes (expand, input) module.vms.var.disk_size_bytes (expand, reference) module.vms.var.image_ext_id (expand, reference) module.vms.var.image_ext_id (expand, input) module.vms.var.boot_order (expand, input) module.vms.var.boot_order (expand, reference) module.vms.var.subnet_ext_id (expand, input) module.vms.var.subnet_ext_id (expand, reference) module.vms.local.cloud_init_metadata (expand) module.vms.local.cloud_init_user_data (expand)]
2026-08-12T15:25:49.459+0200 [DEBUG] ReferenceTransformer: "module.vms.var.subnet_ext_id (expand, input)" references: [var.nutanix_subnet_uuid var.nutanix_subnet_uuid (expand, reference)]
2026-08-12T15:25:49.459+0200 [INFO]  ReferenceTransformer: reference not found: "each.value"
2026-08-12T15:25:49.459+0200 [DEBUG] ReferenceTransformer: "module.vms.var.memory_size_bytes (expand, input)" references: []
2026-08-12T15:25:49.459+0200 [INFO]  ReferenceTransformer: reference not found: "each.value"
2026-08-12T15:25:49.459+0200 [DEBUG] ReferenceTransformer: "module.vms.var.num_sockets (expand, input)" references: []
2026-08-12T15:25:49.459+0200 [DEBUG] ReferenceTransformer: "module.vms.output.ext_id (expand)" references: [module.vms.nutanix_virtual_machine_v2.this (expand)]
2026-08-12T15:25:49.459+0200 [DEBUG] ReferenceTransformer: "module.vms.var.subnet_ext_id (expand, reference)" references: []
2026-08-12T15:25:49.459+0200 [DEBUG] ReferenceTransformer: "var.nutanix_port (expand, reference)" references: []
2026-08-12T15:25:49.459+0200 [DEBUG] ReferenceTransformer: "var.nutanix_username (expand, reference)" references: []
2026-08-12T15:25:49.459+0200 [DEBUG] ReferenceTransformer: "module.vms.var.ssh_keys (expand, reference)" references: []
2026-08-12T15:25:49.459+0200 [DEBUG] ReferenceTransformer: "output.vms (expand)" references: [module.vms (close) module.vms.output.name (expand) module.vms.output.ext_id (expand)]
2026-08-12T15:25:49.459+0200 [DEBUG] ReferenceTransformer: "var.nutanix_endpoint" references: []
2026-08-12T15:25:49.459+0200 [DEBUG] ReferenceTransformer: "module.vms.var.power_state (expand, reference)" references: []
2026-08-12T15:25:49.459+0200 [DEBUG] ReferenceTransformer: "module.vms.var.image_ext_id (expand, reference)" references: []
2026-08-12T15:25:49.459+0200 [DEBUG] ReferenceTransformer: "var.nutanix_cluster_uuid (expand, reference)" references: []
2026-08-12T15:25:49.459+0200 [DEBUG] ReferenceTransformer: "var.nutanix_port" references: []
2026-08-12T15:25:49.459+0200 [DEBUG] ReferenceTransformer: "var.nutanix_cluster_uuid" references: []
2026-08-12T15:25:49.459+0200 [DEBUG] ReferenceTransformer: "var.nutanix_image_uuid (expand, reference)" references: []
2026-08-12T15:25:49.459+0200 [DEBUG] ReferenceTransformer: "var.vms (expand, reference)" references: []
2026-08-12T15:25:49.459+0200 [INFO]  ReferenceTransformer: reference not found: "each.value"
2026-08-12T15:25:49.459+0200 [DEBUG] ReferenceTransformer: "module.vms.var.num_cores_per_socket (expand, input)" references: []
2026-08-12T15:25:49.459+0200 [DEBUG] ReferenceTransformer: "module.vms.var.num_sockets (expand, reference)" references: []
2026-08-12T15:25:49.459+0200 [DEBUG] ReferenceTransformer: "module.vms.var.description (expand, reference)" references: []
2026-08-12T15:25:49.459+0200 [INFO]  ReferenceTransformer: reference not found: "each.value"
2026-08-12T15:25:49.459+0200 [DEBUG] ReferenceTransformer: "module.vms.var.cloud_init_user (expand, input)" references: []
2026-08-12T15:25:49.459+0200 [DEBUG] ReferenceTransformer: "var.nutanix_password (expand, reference)" references: []
2026-08-12T15:25:49.459+0200 [DEBUG] ReferenceTransformer: "var.nutanix_storage_container_uuid (expand, reference)" references: []
2026-08-12T15:25:49.460+0200 [DEBUG] ReferenceTransformer: "module.vms.var.virtio_iso_ext_id (expand, input)" references: []
2026-08-12T15:25:49.460+0200 [DEBUG] ReferenceTransformer: "module.vms.var.image_ext_id (expand, input)" references: [var.nutanix_image_uuid var.nutanix_image_uuid (expand, reference)]
2026-08-12T15:25:49.460+0200 [DEBUG] ReferenceTransformer: "module.vms (expand)" references: [var.vms var.vms (expand, reference)]
2026-08-12T15:25:49.462+0200 [DEBUG] Starting graph walk: walkPlan
2026-08-12T15:25:49.463+0200 [DEBUG] created provider logger: level=debug
2026-08-12T15:25:49.463+0200 [INFO]  provider: configuring client automatic mTLS
2026-08-12T15:25:49.468+0200 [DEBUG] provider: starting plugin: path=.terraform/providers/registry.opentofu.org/nutanix/nutanix/2.4.2/windows_amd64/terraform-provider-nutanix_v2.4.2.exe args=[".terraform/providers/registry.opentofu.org/nutanix/nutanix/2.4.2/windows_amd64/terraform-provider-nutanix_v2.4.2.exe"]
2026-08-12T15:25:49.486+0200 [DEBUG] provider: plugin started: path=.terraform/providers/registry.opentofu.org/nutanix/nutanix/2.4.2/windows_amd64/terraform-provider-nutanix_v2.4.2.exe pid=6720
2026-08-12T15:25:49.486+0200 [DEBUG] provider: waiting for RPC address: plugin=.terraform/providers/registry.opentofu.org/nutanix/nutanix/2.4.2/windows_amd64/terraform-provider-nutanix_v2.4.2.exe
2026-08-12T15:25:49.590+0200 [INFO]  provider.terraform-provider-nutanix_v2.4.2.exe: configuring server automatic mTLS: timestamp="2026-08-12T15:25:49.539+0200"
2026-08-12T15:25:49.602+0200 [DEBUG] provider.terraform-provider-nutanix_v2.4.2.exe: plugin address: address=127.0.0.1:10000 network=tcp timestamp="2026-08-12T15:25:49.601+0200"
2026-08-12T15:25:49.602+0200 [DEBUG] provider: using plugin: version=5
2026-08-12T15:25:49.735+0200 [WARN]  ValidateProviderConfig from "registry.opentofu.org/nutanix/nutanix" changed the config value, but that value is unused
2026-08-12T15:25:49.735+0200 [INFO]  provider.terraform-provider-nutanix_v2.4.2.exe: 2026/08/12 15:25:49 [DEBUG] config wait_timeout 10: timestamp="2026-08-12T15:25:49.735+0200"
2026-08-12T15:25:49.740+0200 [DEBUG] Resource instance state not found for node "module.vms[\"hdvdevops\"].nutanix_virtual_machine_v2.this", instance module.vms["hdvdevops"].nutanix_virtual_machine_v2.this
2026-08-12T15:25:49.741+0200 [INFO]  ReferenceTransformer: reference not found: "var.description"
2026-08-12T15:25:49.741+0200 [INFO]  ReferenceTransformer: reference not found: "var.name"
2026-08-12T15:25:49.741+0200 [INFO]  ReferenceTransformer: reference not found: "var.power_state"
2026-08-12T15:25:49.741+0200 [INFO]  ReferenceTransformer: reference not found: "var.memory_size_bytes"
2026-08-12T15:25:49.741+0200 [INFO]  ReferenceTransformer: reference not found: "var.num_sockets"
2026-08-12T15:25:49.741+0200 [INFO]  ReferenceTransformer: reference not found: "var.num_cores_per_socket"
2026-08-12T15:25:49.741+0200 [INFO]  ReferenceTransformer: reference not found: "var.ssh_keys"
2026-08-12T15:25:49.741+0200 [INFO]  ReferenceTransformer: reference not found: "var.cluster_ext_id"
2026-08-12T15:25:49.741+0200 [INFO]  ReferenceTransformer: reference not found: "var.disk_size_bytes"
2026-08-12T15:25:49.741+0200 [INFO]  ReferenceTransformer: reference not found: "var.image_ext_id"
2026-08-12T15:25:49.741+0200 [INFO]  ReferenceTransformer: reference not found: "var.boot_order"
2026-08-12T15:25:49.741+0200 [INFO]  ReferenceTransformer: reference not found: "var.subnet_ext_id"
2026-08-12T15:25:49.742+0200 [INFO]  ReferenceTransformer: reference not found: "local.cloud_init_metadata"
2026-08-12T15:25:49.742+0200 [INFO]  ReferenceTransformer: reference not found: "local.cloud_init_user_data"
2026-08-12T15:25:49.742+0200 [DEBUG] ReferenceTransformer: "module.vms[\"hdvdevops\"].nutanix_virtual_machine_v2.this" references: []
2026-08-12T15:25:49.742+0200 [DEBUG] Resource instance state not found for node "module.vms[\"hdvdevops2\"].nutanix_virtual_machine_v2.this", instance module.vms["hdvdevops2"].nutanix_virtual_machine_v2.this
2026-08-12T15:25:49.742+0200 [DEBUG] Removing "module.vms[\"hdvdevops2\"].nutanix_virtual_machine_v2.this", filtered by targeting.
2026-08-12T15:25:49.744+0200 [DEBUG] refresh: module.vms["hdvdevops"].nutanix_virtual_machine_v2.this: no state, so not refreshing
2026-08-12T15:25:49.763+0200 [WARN]  Provider "provider[\"registry.opentofu.org/nutanix/nutanix\"]" produced an invalid plan for module.vms["hdvdevops"].nutanix_virtual_machine_v2.this, but we are tolerating it because it is using the legacy plugin SDK.
    The following problems may be the cause of any confusing errors from downstream operations:
      - .disks[0].backing_info[0].adfs_volume_group_reference: attribute representing nested block must not be unknown itself; set nested attribute values to unknown instead
      - .disks[0].backing_info[0].vm_disk[0].storage_config: attribute representing nested block must not be unknown itself; set nested attribute values to unknown instead
      - .disks[0].backing_info[0].vm_disk[0].storage_container: attribute representing nested block must not be unknown itself; set nested attribute values to unknown instead
      - .disks[0].backing_info[0].vm_disk[0].data_source[0].reference[0].vm_disk_reference: attribute representing nested block must not be unknown itself; set nested attribute values to unknown instead
      - .host: attribute representing nested block must not be unknown itself; set nested attribute values to unknown instead
      - .source: attribute representing nested block must not be unknown itself; set nested attribute values to unknown instead
      - .project: attribute representing nested block must not be unknown itself; set nested attribute values to unknown instead
      - .boot_config[0].legacy_boot: attribute representing nested block must not be unknown itself; set nested attribute values to unknown instead
      - .boot_config[0].uefi_boot[0].boot_device: attribute representing nested block must not be unknown itself; set nested attribute values to unknown instead
      - .boot_config[0].uefi_boot[0].nvram_device: attribute representing nested block must not be unknown itself; set nested attribute values to unknown instead
      - .categories: attribute representing nested block must not be unknown itself; set nested attribute values to unknown instead
      - .nics[0].backing_info: attribute representing nested block must not be unknown itself; set nested attribute values to unknown instead
      - .nics[0].network_info: attribute representing nested block must not be unknown itself; set nested attribute values to unknown instead
      - .nics[0].nic_backing_info: attribute representing nested block must not be unknown itself; set nested attribute values to unknown instead
      - .nics[0].nic_network_info[0].dp_offload_nic_network_info: attribute representing nested block must not be unknown itself; set nested attribute values to unknown instead
      - .nics[0].nic_network_info[0].sriov_nic_network_info: attribute representing nested block must not be unknown itself; set nested attribute values to unknown instead
      - .nics[0].nic_network_info[0].virtual_ethernet_nic_network_info[0].ipv4_config: attribute representing nested block must not be unknown itself; set nested attribute values to unknown instead
      - .nics[0].nic_network_info[0].virtual_ethernet_nic_network_info[0].ipv4_info: attribute representing nested block must not be unknown itself; set nested attribute values to unknown instead
      - .nics[0].nic_network_info[0].virtual_ethernet_nic_network_info[0].ipv6_info: attribute representing nested block must not be unknown itself; set nested attribute values to unknown instead
      - .nics[0].nic_network_info[0].virtual_ethernet_nic_network_info[0].network_function_chain: attribute representing nested block must not be unknown itself; set nested attribute values to unknown instead
      - .protection_policy_state: attribute representing nested block must not be unknown itself; set nested attribute values to unknown instead
      - .serial_ports: attribute representing nested block must not be unknown itself; set nested attribute values to unknown instead
      - .apc_config: attribute representing nested block must not be unknown itself; set nested attribute values to unknown instead
      - .ownership_info: attribute representing nested block must not be unknown itself; set nested attribute values to unknown instead
      - .availability_zone: attribute representing nested block must not be unknown itself; set nested attribute values to unknown instead
      - .guest_customization[0].config[0].cloud_init[0].cloud_init_script[0].custom_key_values: attribute representing nested block must not be unknown itself; set nested attribute values to unknown instead
      - .guest_customization[0].config[0].sysprep: attribute representing nested block must not be unknown itself; set nested attribute values to unknown instead
      - .storage_config: attribute representing nested block must not be unknown itself; set nested attribute values to unknown instead
      - .vtpm_config: attribute representing nested block must not be unknown itself; set nested attribute values to unknown instead
2026-08-12T15:25:49.767+0200 [DEBUG] provider.stdio: received EOF, stopping recv loop: err="rpc error: code = Unavailable desc = error reading from server: EOF"
2026-08-12T15:25:49.779+0200 [INFO]  provider: plugin process exited: plugin=.terraform/providers/registry.opentofu.org/nutanix/nutanix/2.4.2/windows_amd64/terraform-provider-nutanix_v2.4.2.exe id=6720
2026-08-12T15:25:49.779+0200 [DEBUG] provider: plugin exited
2026-08-12T15:25:49.781+0200 [DEBUG] building apply graph to check for errors
2026-08-12T15:25:49.781+0200 [ERROR] no module call found in "module.vms" for "vms"
2026-08-12T15:25:49.781+0200 [ERROR] no module call found in "module.vms" for "vms"
2026-08-12T15:25:49.781+0200 [ERROR] no module call found in "module.vms" for "vms"
2026-08-12T15:25:49.781+0200 [ERROR] no module call found in "module.vms" for "vms"
2026-08-12T15:25:49.782+0200 [ERROR] no module call found in "module.vms" for "vms"
2026-08-12T15:25:49.782+0200 [ERROR] no module call found in "module.vms" for "vms"
2026-08-12T15:25:49.782+0200 [ERROR] no module call found in "module.vms" for "vms"
2026-08-12T15:25:49.782+0200 [ERROR] no module call found in "module.vms" for "vms"
2026-08-12T15:25:49.782+0200 [ERROR] no module call found in "module.vms" for "vms"
2026-08-12T15:25:49.782+0200 [ERROR] no module call found in "module.vms" for "vms"
2026-08-12T15:25:49.782+0200 [ERROR] no module call found in "module.vms" for "vms"
2026-08-12T15:25:49.782+0200 [ERROR] no module call found in "module.vms" for "vms"
2026-08-12T15:25:49.782+0200 [ERROR] no module call found in "module.vms" for "vms"
2026-08-12T15:25:49.782+0200 [ERROR] no module call found in "module.vms" for "vms"
2026-08-12T15:25:49.782+0200 [ERROR] no module call found in "module.vms" for "vms"
2026-08-12T15:25:49.782+0200 [ERROR] no module call found in "module.vms" for "vms"
2026-08-12T15:25:49.783+0200 [DEBUG] Resource state not found for node "module.vms[\"hdvdevops\"].nutanix_virtual_machine_v2.this", instance module.vms["hdvdevops"].nutanix_virtual_machine_v2.this
2026-08-12T15:25:49.783+0200 [DEBUG] ProviderTransformer: "module.vms[\"hdvdevops\"].nutanix_virtual_machine_v2.this" (*tofu.NodeApplyableResourceInstance) needs provider["registry.opentofu.org/nutanix/nutanix"]
2026-08-12T15:25:49.783+0200 [DEBUG] ProviderTransformer: "module.vms.nutanix_virtual_machine_v2.this (expand)" (*tofu.nodeExpandApplyableResource) needs provider["registry.opentofu.org/nutanix/nutanix"]
2026-08-12T15:25:49.785+0200 [DEBUG] ReferenceTransformer: "var.nutanix_image_uuid" references: []
2026-08-12T15:25:49.785+0200 [INFO]  ReferenceTransformer: reference not found: "each.value"
2026-08-12T15:25:49.785+0200 [DEBUG] ReferenceTransformer: "module.vms.var.cloud_init_user (expand, input)" references: []
2026-08-12T15:25:49.785+0200 [INFO]  ReferenceTransformer: reference not found: "each.value"
2026-08-12T15:25:49.785+0200 [DEBUG] ReferenceTransformer: "module.vms.var.disk_size_bytes (expand, input)" references: []
2026-08-12T15:25:49.785+0200 [DEBUG] ReferenceTransformer: "var.nutanix_port" references: []
2026-08-12T15:25:49.785+0200 [DEBUG] ReferenceTransformer: "var.nutanix_insecure (expand, reference)" references: []
2026-08-12T15:25:49.785+0200 [DEBUG] ReferenceTransformer: "module.vms.var.disk_size_bytes (expand, reference)" references: []
2026-08-12T15:25:49.785+0200 [DEBUG] ReferenceTransformer: "module.vms.var.name (expand, reference)" references: []
2026-08-12T15:25:49.785+0200 [DEBUG] ReferenceTransformer: "module.vms.var.cloud_init_metadata (expand, reference)" references: []
2026-08-12T15:25:49.785+0200 [DEBUG] ReferenceTransformer: "var.nutanix_password (expand, reference)" references: []
2026-08-12T15:25:49.785+0200 [DEBUG] ReferenceTransformer: "var.nutanix_cluster_uuid (expand, reference)" references: []
2026-08-12T15:25:49.785+0200 [DEBUG] ReferenceTransformer: "module.vms.var.memory_size_bytes (expand, reference)" references: []
2026-08-12T15:25:49.785+0200 [DEBUG] ReferenceTransformer: "module.vms.var.ssh_keys (expand, reference)" references: []
2026-08-12T15:25:49.785+0200 [DEBUG] ReferenceTransformer: "module.vms.var.subnet_ext_id (expand, reference)" references: []
2026-08-12T15:25:49.785+0200 [DEBUG] ReferenceTransformer: "var.nutanix_cluster_uuid" references: []
2026-08-12T15:25:49.785+0200 [DEBUG] ReferenceTransformer: "var.nutanix_username (expand, reference)" references: []
2026-08-12T15:25:49.785+0200 [DEBUG] ReferenceTransformer: "module.vms.var.description (expand, reference)" references: []
2026-08-12T15:25:49.785+0200 [DEBUG] ReferenceTransformer: "module.vms.var.num_cores_per_socket (expand, reference)" references: []
2026-08-12T15:25:49.785+0200 [INFO]  ReferenceTransformer: reference not found: "each.value"
2026-08-12T15:25:49.786+0200 [DEBUG] ReferenceTransformer: "module.vms.var.memory_size_bytes (expand, input)" references: []
2026-08-12T15:25:49.786+0200 [DEBUG] ReferenceTransformer: "module.vms.local.cloud_init_metadata (expand)" references: [module.vms.var.cloud_init_metadata (expand, reference) module.vms.var.cloud_init_metadata (expand, input) module.vms.var.cloud_init_metadata (expand, reference) module.vms.var.cloud_init_metadata (expand, input) module.vms.var.name (expand, reference) module.vms.var.name (expand, input) module.vms.var.name (expand, reference) module.vms.var.name (expand, input)]
2026-08-12T15:25:49.786+0200 [DEBUG] ReferenceTransformer: "var.nutanix_insecure" references: []
2026-08-12T15:25:49.786+0200 [DEBUG] ReferenceTransformer: "var.vms" references: []
2026-08-12T15:25:49.786+0200 [DEBUG] ReferenceTransformer: "var.vms (expand, reference)" references: []
2026-08-12T15:25:49.786+0200 [DEBUG] ReferenceTransformer: "module.vms.var.subnet_ext_id (expand, input)" references: [var.nutanix_subnet_uuid var.nutanix_subnet_uuid (expand, reference)]
2026-08-12T15:25:49.786+0200 [DEBUG] ReferenceTransformer: "var.nutanix_endpoint" references: []
2026-08-12T15:25:49.786+0200 [INFO]  ReferenceTransformer: reference not found: "each.value"
2026-08-12T15:25:49.786+0200 [DEBUG] ReferenceTransformer: "module.vms.var.num_cores_per_socket (expand, input)" references: []
2026-08-12T15:25:49.786+0200 [INFO]  ReferenceTransformer: reference not found: "each.value"
2026-08-12T15:25:49.786+0200 [DEBUG] ReferenceTransformer: "module.vms.var.ssh_keys (expand, input)" references: []
2026-08-12T15:25:49.786+0200 [DEBUG] ReferenceTransformer: "module.vms.var.storage_container_ext_id (expand, input)" references: [var.nutanix_storage_container_uuid (expand, reference) var.nutanix_storage_container_uuid]
2026-08-12T15:25:49.787+0200 [DEBUG] ReferenceTransformer: "module.vms[\"hdvdevops\"].nutanix_virtual_machine_v2.this" references: [module.vms.var.name (expand, reference) module.vms.var.name (expand, input) module.vms.var.power_state (expand, reference) module.vms.var.power_state (expand, input) module.vms.var.memory_size_bytes (expand, reference) module.vms.var.memory_size_bytes (expand, input) module.vms.var.num_sockets (expand, input) module.vms.var.num_sockets (expand, reference) module.vms.var.num_cores_per_socket (expand, reference) module.vms.var.num_cores_per_socket (expand, input) module.vms.var.description (expand, reference) module.vms.var.description (expand, input) module.vms.var.ssh_keys (expand, reference) module.vms.var.ssh_keys (expand, input) module.vms.var.cluster_ext_id (expand, input) module.vms.var.cluster_ext_id (expand, reference) module.vms.var.disk_size_bytes (expand, input) module.vms.var.disk_size_bytes (expand, reference) module.vms.var.image_ext_id (expand, reference) module.vms.var.image_ext_id (expand, input) module.vms.var.boot_order (expand, input) module.vms.var.boot_order (expand, reference) module.vms.var.subnet_ext_id (expand, reference) module.vms.var.subnet_ext_id (expand, input) module.vms.local.cloud_init_metadata (expand) module.vms.local.cloud_init_user_data (expand)]
2026-08-12T15:25:49.787+0200 [DEBUG] ReferenceTransformer: "var.nutanix_storage_container_uuid (expand, reference)" references: []
2026-08-12T15:25:49.787+0200 [INFO]  ReferenceTransformer: reference not found: "each.value"
2026-08-12T15:25:49.787+0200 [DEBUG] ReferenceTransformer: "module.vms.var.num_sockets (expand, input)" references: []
2026-08-12T15:25:49.787+0200 [DEBUG] ReferenceTransformer: "module.vms.var.power_state (expand, reference)" references: []
2026-08-12T15:25:49.787+0200 [DEBUG] ReferenceTransformer: "module.vms.var.cluster_ext_id (expand, input)" references: [var.nutanix_cluster_uuid (expand, reference) var.nutanix_cluster_uuid]
2026-08-12T15:25:49.787+0200 [DEBUG] ReferenceTransformer: "module.vms.nutanix_virtual_machine_v2.this (expand)" references: [module.vms.var.num_sockets (expand, input) module.vms.var.num_sockets (expand, reference) module.vms.var.num_cores_per_socket (expand, reference) module.vms.var.num_cores_per_socket (expand, input) module.vms.var.description (expand, reference) module.vms.var.description (expand, input) module.vms.var.name (expand, reference) module.vms.var.name (expand, input) module.vms.var.power_state (expand, reference) module.vms.var.power_state (expand, input) module.vms.var.memory_size_bytes (expand, reference) module.vms.var.memory_size_bytes (expand, input) module.vms.var.ssh_keys (expand, reference) module.vms.var.ssh_keys (expand, input) module.vms.var.cluster_ext_id (expand, input) module.vms.var.cluster_ext_id (expand, reference) module.vms.var.disk_size_bytes (expand, input) module.vms.var.disk_size_bytes (expand, reference) module.vms.var.image_ext_id (expand, reference) module.vms.var.image_ext_id (expand, input) module.vms.var.boot_order (expand, input) module.vms.var.boot_order (expand, reference) module.vms.var.subnet_ext_id (expand, reference) module.vms.var.subnet_ext_id (expand, input) module.vms.local.cloud_init_metadata (expand) module.vms.local.cloud_init_user_data (expand)]
2026-08-12T15:25:49.787+0200 [DEBUG] ReferenceTransformer: "var.nutanix_image_uuid (expand, reference)" references: []
2026-08-12T15:25:49.787+0200 [INFO]  ReferenceTransformer: reference not found: "each.value"
2026-08-12T15:25:49.787+0200 [DEBUG] ReferenceTransformer: "module.vms.var.description (expand, input)" references: []
2026-08-12T15:25:49.788+0200 [INFO]  ReferenceTransformer: reference not found: "each.value"
2026-08-12T15:25:49.788+0200 [DEBUG] ReferenceTransformer: "module.vms.var.boot_order (expand, input)" references: []
2026-08-12T15:25:49.788+0200 [DEBUG] ReferenceTransformer: "module.vms.var.cloud_init_metadata (expand, input)" references: []
2026-08-12T15:25:49.788+0200 [DEBUG] ReferenceTransformer: "var.nutanix_endpoint (expand, reference)" references: []
2026-08-12T15:25:49.788+0200 [DEBUG] ReferenceTransformer: "var.nutanix_subnet_uuid" references: []
2026-08-12T15:25:49.788+0200 [DEBUG] ReferenceTransformer: "var.nutanix_subnet_uuid (expand, reference)" references: []
2026-08-12T15:25:49.788+0200 [DEBUG] ReferenceTransformer: "module.vms.var.cloud_init_user (expand, reference)" references: []
2026-08-12T15:25:49.788+0200 [DEBUG] ReferenceTransformer: "module.vms.var.image_ext_id (expand, reference)" references: []
2026-08-12T15:25:49.788+0200 [DEBUG] ReferenceTransformer: "output.vms (expand)" references: [module.vms.output.name (expand) module.vms (close) module.vms.output.ext_id (expand)]
2026-08-12T15:25:49.788+0200 [DEBUG] ReferenceTransformer: "var.nutanix_username" references: []
2026-08-12T15:25:49.788+0200 [DEBUG] ReferenceTransformer: "var.nutanix_storage_container_uuid" references: []
2026-08-12T15:25:49.788+0200 [INFO]  ReferenceTransformer: reference not found: "each.value"
2026-08-12T15:25:49.788+0200 [DEBUG] ReferenceTransformer: "module.vms.var.power_state (expand, input)" references: []
2026-08-12T15:25:49.788+0200 [DEBUG] ReferenceTransformer: "module.vms.var.boot_order (expand, reference)" references: []
2026-08-12T15:25:49.788+0200 [INFO]  ReferenceTransformer: reference not found: "each.key"
2026-08-12T15:25:49.788+0200 [DEBUG] ReferenceTransformer: "module.vms.var.name (expand, input)" references: []
2026-08-12T15:25:49.788+0200 [INFO]  ReferenceTransformer: reference not found: "path.module"
2026-08-12T15:25:49.788+0200 [DEBUG] ReferenceTransformer: "module.vms.local.cloud_init_user_data (expand)" references: [module.vms.var.cloud_init_user (expand, input) module.vms.var.cloud_init_user (expand, reference) module.vms.var.ssh_keys (expand, reference) module.vms.var.ssh_keys (expand, input)]
2026-08-12T15:25:49.788+0200 [DEBUG] ReferenceTransformer: "var.nutanix_password" references: []
2026-08-12T15:25:49.788+0200 [DEBUG] ReferenceTransformer: "var.nutanix_port (expand, reference)" references: []
2026-08-12T15:25:49.788+0200 [DEBUG] ReferenceTransformer: "module.vms.var.virtio_iso_ext_id (expand, input)" references: []
2026-08-12T15:25:49.788+0200 [DEBUG] ReferenceTransformer: "module.vms.output.name (expand)" references: [module.vms["hdvdevops"].nutanix_virtual_machine_v2.this module.vms["hdvdevops"].nutanix_virtual_machine_v2.this module.vms.nutanix_virtual_machine_v2.this (expand)]
2026-08-12T15:25:49.788+0200 [DEBUG] ReferenceTransformer: "module.vms (close)" references: []
2026-08-12T15:25:49.788+0200 [DEBUG] ReferenceTransformer: "module.vms.var.num_sockets (expand, reference)" references: []
2026-08-12T15:25:49.788+0200 [DEBUG] ReferenceTransformer: "module.vms.var.image_ext_id (expand, input)" references: [var.nutanix_image_uuid var.nutanix_image_uuid (expand, reference)]
2026-08-12T15:25:49.788+0200 [DEBUG] ReferenceTransformer: "module.vms.output.ext_id (expand)" references: [module.vms["hdvdevops"].nutanix_virtual_machine_v2.this module.vms["hdvdevops"].nutanix_virtual_machine_v2.this module.vms.nutanix_virtual_machine_v2.this (expand)]
2026-08-12T15:25:49.788+0200 [DEBUG] ReferenceTransformer: "module.vms (expand)" references: [var.vms var.vms (expand, reference)]
2026-08-12T15:25:49.788+0200 [DEBUG] ReferenceTransformer: "module.vms.var.cluster_ext_id (expand, reference)" references: []
2026-08-12T15:25:49.789+0200 [DEBUG] ReferenceTransformer: "module.vms.var.virtio_iso_ext_id (expand, reference)" references: []
2026-08-12T15:25:49.789+0200 [DEBUG] ReferenceTransformer: "module.vms.var.storage_container_ext_id (expand, reference)" references: []
2026-08-12T15:25:49.789+0200 [DEBUG] ReferenceTransformer: "provider[\"registry.opentofu.org/nutanix/nutanix\"]" references: [var.nutanix_port var.nutanix_port (expand, reference) var.nutanix_endpoint var.nutanix_endpoint (expand, reference) var.nutanix_insecure (expand, reference) var.nutanix_insecure var.nutanix_username (expand, reference) var.nutanix_username var.nutanix_password (expand, reference) var.nutanix_password]
2026-08-12T15:25:49.792+0200 [DEBUG] pruneUnusedNodes: module.vms.var.virtio_iso_ext_id (expand, reference) is no longer needed, removing
2026-08-12T15:25:49.792+0200 [DEBUG] pruneUnusedNodes: module.vms.var.storage_container_ext_id (expand, reference) is no longer needed, removing
2026-08-12T15:25:49.792+0200 [DEBUG] pruneUnusedNodes: module.vms.var.storage_container_ext_id (expand, input) is no longer needed, removing
2026-08-12T15:25:49.792+0200 [DEBUG] pruneUnusedNodes: var.nutanix_storage_container_uuid (expand, reference) is no longer needed, removing
2026-08-12T15:25:49.792+0200 [DEBUG] pruneUnusedNodes: module.vms.var.virtio_iso_ext_id (expand, input) is no longer needed, removing
2026-08-12T15:25:49.795+0200 [DEBUG] Removing "var.nutanix_storage_container_uuid", filtered by targeting.
2026-08-12T15:25:49.819+0200 [DEBUG] command: asking for input: "\nDo you want to perform these actions?"
2026-08-12T15:25:51.860+0200 [INFO]  backend/local: apply calling Apply
2026-08-12T15:25:51.860+0200 [DEBUG] Building and walking apply graph for NormalMode plan
2026-08-12T15:25:51.860+0200 [ERROR] no module call found in "module.vms" for "vms"
2026-08-12T15:25:51.860+0200 [ERROR] no module call found in "module.vms" for "vms"
2026-08-12T15:25:51.861+0200 [ERROR] no module call found in "module.vms" for "vms"
2026-08-12T15:25:51.861+0200 [ERROR] no module call found in "module.vms" for "vms"
2026-08-12T15:25:51.861+0200 [ERROR] no module call found in "module.vms" for "vms"
2026-08-12T15:25:51.861+0200 [ERROR] no module call found in "module.vms" for "vms"
2026-08-12T15:25:51.861+0200 [ERROR] no module call found in "module.vms" for "vms"
2026-08-12T15:25:51.861+0200 [ERROR] no module call found in "module.vms" for "vms"
2026-08-12T15:25:51.861+0200 [ERROR] no module call found in "module.vms" for "vms"
2026-08-12T15:25:51.861+0200 [ERROR] no module call found in "module.vms" for "vms"
2026-08-12T15:25:51.861+0200 [ERROR] no module call found in "module.vms" for "vms"
2026-08-12T15:25:51.861+0200 [ERROR] no module call found in "module.vms" for "vms"
2026-08-12T15:25:51.861+0200 [ERROR] no module call found in "module.vms" for "vms"
2026-08-12T15:25:51.861+0200 [ERROR] no module call found in "module.vms" for "vms"
2026-08-12T15:25:51.861+0200 [ERROR] no module call found in "module.vms" for "vms"
2026-08-12T15:25:51.861+0200 [ERROR] no module call found in "module.vms" for "vms"
2026-08-12T15:25:51.861+0200 [DEBUG] Resource state not found for node "module.vms[\"hdvdevops\"].nutanix_virtual_machine_v2.this", instance module.vms["hdvdevops"].nutanix_virtual_machine_v2.this
2026-08-12T15:25:51.862+0200 [DEBUG] ProviderTransformer: "module.vms.nutanix_virtual_machine_v2.this (expand)" (*tofu.nodeExpandApplyableResource) needs provider["registry.opentofu.org/nutanix/nutanix"]
2026-08-12T15:25:51.862+0200 [DEBUG] ProviderTransformer: "module.vms[\"hdvdevops\"].nutanix_virtual_machine_v2.this" (*tofu.NodeApplyableResourceInstance) needs provider["registry.opentofu.org/nutanix/nutanix"]
2026-08-12T15:25:51.864+0200 [DEBUG] ReferenceTransformer: "var.nutanix_username (expand, reference)" references: []
2026-08-12T15:25:51.864+0200 [DEBUG] ReferenceTransformer: "module.vms.var.power_state (expand, reference)" references: []
2026-08-12T15:25:51.864+0200 [INFO]  ReferenceTransformer: reference not found: "each.value"
2026-08-12T15:25:51.864+0200 [DEBUG] ReferenceTransformer: "module.vms.var.memory_size_bytes (expand, input)" references: []
2026-08-12T15:25:51.864+0200 [DEBUG] ReferenceTransformer: "module.vms.var.cluster_ext_id (expand, input)" references: [var.nutanix_cluster_uuid (expand, reference) var.nutanix_cluster_uuid]
2026-08-12T15:25:51.864+0200 [DEBUG] ReferenceTransformer: "var.nutanix_port" references: []
2026-08-12T15:25:51.864+0200 [INFO]  ReferenceTransformer: reference not found: "each.value"
2026-08-12T15:25:51.864+0200 [DEBUG] ReferenceTransformer: "module.vms.var.num_sockets (expand, input)" references: []
2026-08-12T15:25:51.864+0200 [INFO]  ReferenceTransformer: reference not found: "each.value"
2026-08-12T15:25:51.864+0200 [DEBUG] ReferenceTransformer: "module.vms.var.boot_order (expand, input)" references: []
2026-08-12T15:25:51.864+0200 [DEBUG] ReferenceTransformer: "module.vms.var.virtio_iso_ext_id (expand, input)" references: []
2026-08-12T15:25:51.864+0200 [DEBUG] ReferenceTransformer: "module.vms.output.name (expand)" references: [module.vms.nutanix_virtual_machine_v2.this (expand) module.vms["hdvdevops"].nutanix_virtual_machine_v2.this module.vms["hdvdevops"].nutanix_virtual_machine_v2.this]
2026-08-12T15:25:51.864+0200 [DEBUG] ReferenceTransformer: "module.vms (close)" references: []
2026-08-12T15:25:51.864+0200 [DEBUG] ReferenceTransformer: "module.vms.var.boot_order (expand, reference)" references: []
2026-08-12T15:25:51.864+0200 [DEBUG] ReferenceTransformer: "var.nutanix_storage_container_uuid (expand, reference)" references: []
2026-08-12T15:25:51.864+0200 [DEBUG] ReferenceTransformer: "module.vms.var.cloud_init_user (expand, reference)" references: []
2026-08-12T15:25:51.864+0200 [DEBUG] ReferenceTransformer: "module.vms.output.ext_id (expand)" references: [module.vms.nutanix_virtual_machine_v2.this (expand) module.vms["hdvdevops"].nutanix_virtual_machine_v2.this module.vms["hdvdevops"].nutanix_virtual_machine_v2.this]
2026-08-12T15:25:51.864+0200 [DEBUG] ReferenceTransformer: "var.nutanix_endpoint (expand, reference)" references: []
2026-08-12T15:25:51.864+0200 [DEBUG] ReferenceTransformer: "var.nutanix_port (expand, reference)" references: []
2026-08-12T15:25:51.864+0200 [DEBUG] ReferenceTransformer: "module.vms.var.cloud_init_metadata (expand, input)" references: []
2026-08-12T15:25:51.864+0200 [INFO]  ReferenceTransformer: reference not found: "each.value"
2026-08-12T15:25:51.864+0200 [DEBUG] ReferenceTransformer: "module.vms.var.description (expand, input)" references: []
2026-08-12T15:25:51.864+0200 [INFO]  ReferenceTransformer: reference not found: "path.module"
2026-08-12T15:25:51.864+0200 [DEBUG] ReferenceTransformer: "module.vms.local.cloud_init_user_data (expand)" references: [module.vms.var.cloud_init_user (expand, reference) module.vms.var.cloud_init_user (expand, input) module.vms.var.ssh_keys (expand, reference) module.vms.var.ssh_keys (expand, input)]
2026-08-12T15:25:51.864+0200 [DEBUG] ReferenceTransformer: "module.vms.nutanix_virtual_machine_v2.this (expand)" references: [module.vms.var.num_cores_per_socket (expand, reference) module.vms.var.num_cores_per_socket (expand, input) module.vms.var.description (expand, input) module.vms.var.description (expand, reference) module.vms.var.name (expand, input) module.vms.var.name (expand, reference) module.vms.var.power_state (expand, reference) module.vms.var.power_state (expand, input) module.vms.var.memory_size_bytes (expand, input) module.vms.var.memory_size_bytes (expand, reference) module.vms.var.num_sockets (expand, input) module.vms.var.num_sockets (expand, reference) module.vms.var.ssh_keys (expand, reference) module.vms.var.ssh_keys (expand, input) module.vms.var.cluster_ext_id (expand, input) module.vms.var.cluster_ext_id (expand, reference) module.vms.var.disk_size_bytes (expand, reference) module.vms.var.disk_size_bytes (expand, input) module.vms.var.image_ext_id (expand, reference) module.vms.var.image_ext_id (expand, input) module.vms.var.boot_order (expand, input) module.vms.var.boot_order (expand, reference) module.vms.var.subnet_ext_id (expand, input) module.vms.var.subnet_ext_id (expand, reference) module.vms.local.cloud_init_metadata (expand) module.vms.local.cloud_init_user_data (expand)]
2026-08-12T15:25:51.864+0200 [DEBUG] ReferenceTransformer: "var.nutanix_cluster_uuid (expand, reference)" references: []
2026-08-12T15:25:51.864+0200 [DEBUG] ReferenceTransformer: "module.vms.var.disk_size_bytes (expand, reference)" references: []
2026-08-12T15:25:51.864+0200 [DEBUG] ReferenceTransformer: "module.vms (expand)" references: [var.vms (expand, reference) var.vms]
2026-08-12T15:25:51.864+0200 [DEBUG] ReferenceTransformer: "var.nutanix_username" references: []
2026-08-12T15:25:51.864+0200 [DEBUG] ReferenceTransformer: "var.vms (expand, reference)" references: []
2026-08-12T15:25:51.864+0200 [DEBUG] ReferenceTransformer: "var.nutanix_image_uuid (expand, reference)" references: []
2026-08-12T15:25:51.864+0200 [DEBUG] ReferenceTransformer: "var.nutanix_subnet_uuid" references: []
2026-08-12T15:25:51.864+0200 [DEBUG] ReferenceTransformer: "module.vms.var.storage_container_ext_id (expand, input)" references: [var.nutanix_storage_container_uuid (expand, reference) var.nutanix_storage_container_uuid]
2026-08-12T15:25:51.864+0200 [DEBUG] ReferenceTransformer: "module.vms.var.num_cores_per_socket (expand, reference)" references: []
2026-08-12T15:25:51.864+0200 [DEBUG] ReferenceTransformer: "module.vms.local.cloud_init_metadata (expand)" references: [module.vms.var.cloud_init_metadata (expand, input) module.vms.var.cloud_init_metadata (expand, reference) module.vms.var.cloud_init_metadata (expand, input) module.vms.var.cloud_init_metadata (expand, reference) module.vms.var.name (expand, input) module.vms.var.name (expand, reference) module.vms.var.name (expand, input) module.vms.var.name (expand, reference)]
2026-08-12T15:25:51.864+0200 [INFO]  ReferenceTransformer: reference not found: "each.key"
2026-08-12T15:25:51.864+0200 [DEBUG] ReferenceTransformer: "module.vms.var.name (expand, input)" references: []
2026-08-12T15:25:51.864+0200 [DEBUG] ReferenceTransformer: "var.nutanix_insecure (expand, reference)" references: []
2026-08-12T15:25:51.864+0200 [DEBUG] ReferenceTransformer: "var.vms" references: []
2026-08-12T15:25:51.864+0200 [DEBUG] ReferenceTransformer: "module.vms.var.ssh_keys (expand, reference)" references: []
2026-08-12T15:25:51.865+0200 [DEBUG] ReferenceTransformer: "module.vms.var.image_ext_id (expand, reference)" references: []
2026-08-12T15:25:51.865+0200 [INFO]  ReferenceTransformer: reference not found: "each.value"
2026-08-12T15:25:51.865+0200 [DEBUG] ReferenceTransformer: "module.vms.var.num_cores_per_socket (expand, input)" references: []
2026-08-12T15:25:51.865+0200 [INFO]  ReferenceTransformer: reference not found: "each.value"
2026-08-12T15:25:51.865+0200 [DEBUG] ReferenceTransformer: "module.vms.var.disk_size_bytes (expand, input)" references: []
2026-08-12T15:25:51.865+0200 [DEBUG] ReferenceTransformer: "var.nutanix_password" references: []
2026-08-12T15:25:51.865+0200 [DEBUG] ReferenceTransformer: "module.vms.var.subnet_ext_id (expand, input)" references: [var.nutanix_subnet_uuid var.nutanix_subnet_uuid (expand, reference)]
2026-08-12T15:25:51.865+0200 [DEBUG] ReferenceTransformer: "module.vms.var.subnet_ext_id (expand, reference)" references: []
2026-08-12T15:25:51.907+0200 [DEBUG] ReferenceTransformer: "module.vms[\"hdvdevops\"].nutanix_virtual_machine_v2.this" references: [module.vms.var.description (expand, input) module.vms.var.description (expand, reference) module.vms.var.name (expand, input) module.vms.var.name (expand, reference) module.vms.var.power_state (expand, reference) module.vms.var.power_state (expand, input) module.vms.var.memory_size_bytes (expand, input) module.vms.var.memory_size_bytes (expand, reference) module.vms.var.num_sockets (expand, input) module.vms.var.num_sockets (expand, reference) module.vms.var.num_cores_per_socket (expand, reference) module.vms.var.num_cores_per_socket (expand, input) module.vms.var.ssh_keys (expand, reference) module.vms.var.ssh_keys (expand, input) module.vms.var.cluster_ext_id (expand, input) module.vms.var.cluster_ext_id (expand, reference) module.vms.var.disk_size_bytes (expand, reference) module.vms.var.disk_size_bytes (expand, input) module.vms.var.image_ext_id (expand, reference) module.vms.var.image_ext_id (expand, input) module.vms.var.boot_order (expand, input) module.vms.var.boot_order (expand, reference) module.vms.var.subnet_ext_id (expand, input) module.vms.var.subnet_ext_id (expand, reference) module.vms.local.cloud_init_metadata (expand) module.vms.local.cloud_init_user_data (expand)]
2026-08-12T15:25:51.907+0200 [DEBUG] ReferenceTransformer: "var.nutanix_insecure" references: []
2026-08-12T15:25:51.907+0200 [DEBUG] ReferenceTransformer: "var.nutanix_storage_container_uuid" references: []
2026-08-12T15:25:51.907+0200 [DEBUG] ReferenceTransformer: "var.nutanix_endpoint" references: []
2026-08-12T15:25:51.907+0200 [DEBUG] ReferenceTransformer: "module.vms.var.virtio_iso_ext_id (expand, reference)" references: []
2026-08-12T15:25:51.907+0200 [DEBUG] ReferenceTransformer: "module.vms.var.cloud_init_metadata (expand, reference)" references: []
2026-08-12T15:25:51.907+0200 [INFO]  ReferenceTransformer: reference not found: "each.value"
2026-08-12T15:25:51.907+0200 [DEBUG] ReferenceTransformer: "module.vms.var.cloud_init_user (expand, input)" references: []
2026-08-12T15:25:51.907+0200 [DEBUG] ReferenceTransformer: "provider[\"registry.opentofu.org/nutanix/nutanix\"]" references: [var.nutanix_username (expand, reference) var.nutanix_username var.nutanix_password var.nutanix_password (expand, reference) var.nutanix_port var.nutanix_port (expand, reference) var.nutanix_endpoint (expand, reference) var.nutanix_endpoint var.nutanix_insecure (expand, reference) var.nutanix_insecure]
2026-08-12T15:25:51.907+0200 [INFO]  ReferenceTransformer: reference not found: "each.value"
2026-08-12T15:25:51.907+0200 [DEBUG] ReferenceTransformer: "module.vms.var.power_state (expand, input)" references: []
2026-08-12T15:25:51.907+0200 [DEBUG] ReferenceTransformer: "module.vms.var.cluster_ext_id (expand, reference)" references: []
2026-08-12T15:25:51.907+0200 [DEBUG] ReferenceTransformer: "var.nutanix_image_uuid" references: []
2026-08-12T15:25:51.907+0200 [INFO]  ReferenceTransformer: reference not found: "each.value"
2026-08-12T15:25:51.907+0200 [DEBUG] ReferenceTransformer: "module.vms.var.ssh_keys (expand, input)" references: []
2026-08-12T15:25:51.907+0200 [DEBUG] ReferenceTransformer: "module.vms.var.storage_container_ext_id (expand, reference)" references: []
2026-08-12T15:25:51.907+0200 [DEBUG] ReferenceTransformer: "module.vms.var.description (expand, reference)" references: []
2026-08-12T15:25:51.907+0200 [DEBUG] ReferenceTransformer: "var.nutanix_password (expand, reference)" references: []
2026-08-12T15:25:51.907+0200 [DEBUG] ReferenceTransformer: "var.nutanix_subnet_uuid (expand, reference)" references: []
2026-08-12T15:25:51.907+0200 [DEBUG] ReferenceTransformer: "module.vms.var.name (expand, reference)" references: []
2026-08-12T15:25:51.907+0200 [DEBUG] ReferenceTransformer: "module.vms.var.image_ext_id (expand, input)" references: [var.nutanix_image_uuid (expand, reference) var.nutanix_image_uuid]
2026-08-12T15:25:51.907+0200 [DEBUG] ReferenceTransformer: "output.vms (expand)" references: [module.vms.output.name (expand) module.vms (close) module.vms.output.ext_id (expand)]
2026-08-12T15:25:51.907+0200 [DEBUG] ReferenceTransformer: "var.nutanix_cluster_uuid" references: []
2026-08-12T15:25:51.907+0200 [DEBUG] ReferenceTransformer: "module.vms.var.memory_size_bytes (expand, reference)" references: []
2026-08-12T15:25:51.907+0200 [DEBUG] ReferenceTransformer: "module.vms.var.num_sockets (expand, reference)" references: []
2026-08-12T15:25:51.908+0200 [DEBUG] pruneUnusedNodes: module.vms.var.storage_container_ext_id (expand, reference) is no longer needed, removing
2026-08-12T15:25:51.909+0200 [DEBUG] pruneUnusedNodes: module.vms.var.storage_container_ext_id (expand, input) is no longer needed, removing
2026-08-12T15:25:51.909+0200 [DEBUG] pruneUnusedNodes: module.vms.var.virtio_iso_ext_id (expand, reference) is no longer needed, removing
2026-08-12T15:25:51.909+0200 [DEBUG] pruneUnusedNodes: module.vms.var.virtio_iso_ext_id (expand, input) is no longer needed, removing
2026-08-12T15:25:51.909+0200 [DEBUG] pruneUnusedNodes: var.nutanix_storage_container_uuid (expand, reference) is no longer needed, removing
2026-08-12T15:25:51.909+0200 [DEBUG] Removing "var.nutanix_storage_container_uuid", filtered by targeting.
2026-08-12T15:25:51.910+0200 [DEBUG] Starting graph walk: walkApply
2026-08-12T15:25:51.912+0200 [DEBUG] created provider logger: level=debug
2026-08-12T15:25:51.912+0200 [INFO]  provider: configuring client automatic mTLS
2026-08-12T15:25:51.915+0200 [DEBUG] provider: starting plugin: path=.terraform/providers/registry.opentofu.org/nutanix/nutanix/2.4.2/windows_amd64/terraform-provider-nutanix_v2.4.2.exe args=[".terraform/providers/registry.opentofu.org/nutanix/nutanix/2.4.2/windows_amd64/terraform-provider-nutanix_v2.4.2.exe"]
2026-08-12T15:25:51.970+0200 [DEBUG] provider: plugin started: path=.terraform/providers/registry.opentofu.org/nutanix/nutanix/2.4.2/windows_amd64/terraform-provider-nutanix_v2.4.2.exe pid=15308
2026-08-12T15:25:51.970+0200 [DEBUG] provider: waiting for RPC address: plugin=.terraform/providers/registry.opentofu.org/nutanix/nutanix/2.4.2/windows_amd64/terraform-provider-nutanix_v2.4.2.exe
2026-08-12T15:25:52.072+0200 [INFO]  provider.terraform-provider-nutanix_v2.4.2.exe: configuring server automatic mTLS: timestamp="2026-08-12T15:25:52.022+0200"
2026-08-12T15:25:52.083+0200 [DEBUG] provider.terraform-provider-nutanix_v2.4.2.exe: plugin address: network=tcp address=127.0.0.1:10000 timestamp="2026-08-12T15:25:52.082+0200"
2026-08-12T15:25:52.083+0200 [DEBUG] provider: using plugin: version=5
2026-08-12T15:25:52.209+0200 [WARN]  ValidateProviderConfig from "registry.opentofu.org/nutanix/nutanix" changed the config value, but that value is unused
2026-08-12T15:25:52.211+0200 [INFO]  provider.terraform-provider-nutanix_v2.4.2.exe: 2026/08/12 15:25:52 [DEBUG] config wait_timeout 10: timestamp="2026-08-12T15:25:52.211+0200"
2026-08-12T15:25:52.227+0200 [WARN]  Provider "provider[\"registry.opentofu.org/nutanix/nutanix\"]" produced an invalid plan for module.vms["hdvdevops"].nutanix_virtual_machine_v2.this, but we are tolerating it because it is using the legacy plugin SDK.
    The following problems may be the cause of any confusing errors from downstream operations:
      - .vtpm_config: attribute representing nested block must not be unknown itself; set nested attribute values to unknown instead
      - .disks[0].backing_info[0].adfs_volume_group_reference: attribute representing nested block must not be unknown itself; set nested attribute values to unknown instead
      - .disks[0].backing_info[0].vm_disk[0].storage_config: attribute representing nested block must not be unknown itself; set nested attribute values to unknown instead
      - .disks[0].backing_info[0].vm_disk[0].storage_container: attribute representing nested block must not be unknown itself; set nested attribute values to unknown instead
      - .disks[0].backing_info[0].vm_disk[0].data_source[0].reference[0].vm_disk_reference: attribute representing nested block must not be unknown itself; set nested attribute values to unknown instead
      - .host: attribute representing nested block must not be unknown itself; set nested attribute values to unknown instead
      - .source: attribute representing nested block must not be unknown itself; set nested attribute values to unknown instead
      - .project: attribute representing nested block must not be unknown itself; set nested attribute values to unknown instead
      - .boot_config[0].legacy_boot: attribute representing nested block must not be unknown itself; set nested attribute values to unknown instead
      - .boot_config[0].uefi_boot[0].nvram_device: attribute representing nested block must not be unknown itself; set nested attribute values to unknown instead
      - .boot_config[0].uefi_boot[0].boot_device: attribute representing nested block must not be unknown itself; set nested attribute values to unknown instead
      - .categories: attribute representing nested block must not be unknown itself; set nested attribute values to unknown instead
      - .nics[0].nic_network_info[0].dp_offload_nic_network_info: attribute representing nested block must not be unknown itself; set nested attribute values to unknown instead
      - .nics[0].nic_network_info[0].sriov_nic_network_info: attribute representing nested block must not be unknown itself; set nested attribute values to unknown instead
      - .nics[0].nic_network_info[0].virtual_ethernet_nic_network_info[0].ipv4_config: attribute representing nested block must not be unknown itself; set nested attribute values to unknown instead
      - .nics[0].nic_network_info[0].virtual_ethernet_nic_network_info[0].ipv4_info: attribute representing nested block must not be unknown itself; set nested attribute values to unknown instead
      - .nics[0].nic_network_info[0].virtual_ethernet_nic_network_info[0].ipv6_info: attribute representing nested block must not be unknown itself; set nested attribute values to unknown instead
      - .nics[0].nic_network_info[0].virtual_ethernet_nic_network_info[0].network_function_chain: attribute representing nested block must not be unknown itself; set nested attribute values to unknown instead
      - .nics[0].backing_info: attribute representing nested block must not be unknown itself; set nested attribute values to unknown instead
      - .nics[0].network_info: attribute representing nested block must not be unknown itself; set nested attribute values to unknown instead
      - .nics[0].nic_backing_info: attribute representing nested block must not be unknown itself; set nested attribute values to unknown instead
      - .protection_policy_state: attribute representing nested block must not be unknown itself; set nested attribute values to unknown instead
      - .serial_ports: attribute representing nested block must not be unknown itself; set nested attribute values to unknown instead
      - .apc_config: attribute representing nested block must not be unknown itself; set nested attribute values to unknown instead
      - .ownership_info: attribute representing nested block must not be unknown itself; set nested attribute values to unknown instead
      - .availability_zone: attribute representing nested block must not be unknown itself; set nested attribute values to unknown instead
      - .guest_customization[0].config[0].cloud_init[0].cloud_init_script[0].custom_key_values: attribute representing nested block must not be unknown itself; set nested attribute values to unknown instead
      - .guest_customization[0].config[0].sysprep: attribute representing nested block must not be unknown itself; set nested attribute values to unknown instead
      - .storage_config: attribute representing nested block must not be unknown itself; set nested attribute values to unknown instead
2026-08-12T15:25:52.229+0200 [INFO]  Starting apply for module.vms["hdvdevops"].nutanix_virtual_machine_v2.this
2026-08-12T15:25:52.230+0200 [DEBUG] module.vms["hdvdevops"].nutanix_virtual_machine_v2.this: applying the planned Create change
2026-08-12T15:25:52.233+0200 [INFO]  provider.terraform-provider-nutanix_v2.4.2.exe: 2026/08/12 15:25:52 [DEBUG] setting computed for "guest_customization.0.config.0.sysprep" from ComputedKeys: timestamp="2026-08-12T15:25:52.233+0200"
2026-08-12T15:25:52.234+0200 [INFO]  provider.terraform-provider-nutanix_v2.4.2.exe: 2026/08/12 15:25:52 [DEBUG] setting computed for "guest_customization.0.config.0.cloud_init.0.cloud_init_script.0.custom_key_values" from ComputedKeys: timestamp="2026-08-12T15:25:52.233+0200"
2026-08-12T15:25:52.234+0200 [INFO]  provider.terraform-provider-nutanix_v2.4.2.exe: 2026/08/12 15:25:52 [DEBUG] setting computed for "guest_customization.0.config.0.sysprep" from ComputedKeys: timestamp="2026-08-12T15:25:52.233+0200"
2026-08-12T15:25:52.234+0200 [INFO]  provider.terraform-provider-nutanix_v2.4.2.exe: 2026/08/12 15:25:52 [DEBUG] setting computed for "guest_customization.0.config.0.cloud_init.0.cloud_init_script.0.custom_key_values" from ComputedKeys: timestamp="2026-08-12T15:25:52.233+0200"
2026-08-12T15:25:52.234+0200 [INFO]  provider.terraform-provider-nutanix_v2.4.2.exe: 2026/08/12 15:25:52 [DEBUG] setting computed for "guest_customization.0.config.0.sysprep" from ComputedKeys: timestamp="2026-08-12T15:25:52.234+0200"
2026-08-12T15:25:52.235+0200 [INFO]  provider.terraform-provider-nutanix_v2.4.2.exe: 2026/08/12 15:25:52 [DEBUG] setting computed for "guest_customization.0.config.0.cloud_init.0.cloud_init_script.0.custom_key_values" from ComputedKeys: timestamp="2026-08-12T15:25:52.234+0200"
2026-08-12T15:25:52.235+0200 [INFO]  provider.terraform-provider-nutanix_v2.4.2.exe: 2026/08/12 15:25:52 [DEBUG] setting computed for "guest_customization.0.config.0.cloud_init.0.cloud_init_script.0.custom_key_values" from ComputedKeys: timestamp="2026-08-12T15:25:52.234+0200"
2026-08-12T15:25:52.235+0200 [INFO]  provider.terraform-provider-nutanix_v2.4.2.exe: 2026/08/12 15:25:52 [DEBUG] setting computed for "guest_customization.0.config.0.cloud_init.0.cloud_init_script.0.custom_key_values" from ComputedKeys: timestamp="2026-08-12T15:25:52.234+0200"
2026-08-12T15:25:52.235+0200 [INFO]  provider.terraform-provider-nutanix_v2.4.2.exe: 2026/08/12 15:25:52 [DEBUG] setting computed for "source" from ComputedKeys: timestamp="2026-08-12T15:25:52.234+0200"
2026-08-12T15:25:52.235+0200 [INFO]  provider.terraform-provider-nutanix_v2.4.2.exe: 2026/08/12 15:25:52 [DEBUG] setting computed for "ownership_info" from ComputedKeys: timestamp="2026-08-12T15:25:52.234+0200"
2026-08-12T15:25:52.235+0200 [INFO]  provider.terraform-provider-nutanix_v2.4.2.exe: 2026/08/12 15:25:52 [DEBUG] setting computed for "protection_policy_state" from ComputedKeys: timestamp="2026-08-12T15:25:52.235+0200"
2026-08-12T15:25:52.235+0200 [INFO]  provider.terraform-provider-nutanix_v2.4.2.exe: 2026/08/12 15:25:52 [DEBUG] setting computed for "categories" from ComputedKeys: timestamp="2026-08-12T15:25:52.235+0200"
2026-08-12T15:25:52.235+0200 [INFO]  provider.terraform-provider-nutanix_v2.4.2.exe: 2026/08/12 15:25:52 [DEBUG] setting computed for "apc_config" from ComputedKeys: timestamp="2026-08-12T15:25:52.235+0200"
2026-08-12T15:25:52.235+0200 [INFO]  provider.terraform-provider-nutanix_v2.4.2.exe: 2026/08/12 15:25:52 [DEBUG] setting computed for "availability_zone" from ComputedKeys: timestamp="2026-08-12T15:25:52.235+0200"
2026-08-12T15:25:52.235+0200 [INFO]  provider.terraform-provider-nutanix_v2.4.2.exe: 2026/08/12 15:25:52 [DEBUG] setting computed for "boot_config.0.legacy_boot" from ComputedKeys: timestamp="2026-08-12T15:25:52.235+0200"
2026-08-12T15:25:52.235+0200 [INFO]  provider.terraform-provider-nutanix_v2.4.2.exe: 2026/08/12 15:25:52 [DEBUG] setting computed for "boot_config.0.uefi_boot.0.nvram_device" from ComputedKeys: timestamp="2026-08-12T15:25:52.235+0200"
2026-08-12T15:25:52.235+0200 [INFO]  provider.terraform-provider-nutanix_v2.4.2.exe: 2026/08/12 15:25:52 [DEBUG] setting computed for "boot_config.0.uefi_boot.0.boot_device" from ComputedKeys: timestamp="2026-08-12T15:25:52.235+0200"
2026-08-12T15:25:52.235+0200 [INFO]  provider.terraform-provider-nutanix_v2.4.2.exe: 2026/08/12 15:25:52 [DEBUG] setting computed for "boot_config.0.legacy_boot" from ComputedKeys: timestamp="2026-08-12T15:25:52.235+0200"
2026-08-12T15:25:52.235+0200 [INFO]  provider.terraform-provider-nutanix_v2.4.2.exe: 2026/08/12 15:25:52 [DEBUG] setting computed for "boot_config.0.uefi_boot.0.nvram_device" from ComputedKeys: timestamp="2026-08-12T15:25:52.235+0200"
2026-08-12T15:25:52.235+0200 [INFO]  provider.terraform-provider-nutanix_v2.4.2.exe: 2026/08/12 15:25:52 [DEBUG] setting computed for "boot_config.0.uefi_boot.0.boot_device" from ComputedKeys: timestamp="2026-08-12T15:25:52.235+0200"
2026-08-12T15:25:52.235+0200 [INFO]  provider.terraform-provider-nutanix_v2.4.2.exe: 2026/08/12 15:25:52 [DEBUG] setting computed for "boot_config.0.uefi_boot.0.nvram_device" from ComputedKeys: timestamp="2026-08-12T15:25:52.235+0200"
2026-08-12T15:25:52.235+0200 [INFO]  provider.terraform-provider-nutanix_v2.4.2.exe: 2026/08/12 15:25:52 [DEBUG] setting computed for "boot_config.0.uefi_boot.0.boot_device" from ComputedKeys: timestamp="2026-08-12T15:25:52.235+0200"
2026-08-12T15:25:52.235+0200 [INFO]  provider.terraform-provider-nutanix_v2.4.2.exe: 2026/08/12 15:25:52 [DEBUG] setting computed for "project" from ComputedKeys: timestamp="2026-08-12T15:25:52.235+0200"
2026-08-12T15:25:52.235+0200 [INFO]  provider.terraform-provider-nutanix_v2.4.2.exe: 2026/08/12 15:25:52 [DEBUG] setting computed for "serial_ports" from ComputedKeys: timestamp="2026-08-12T15:25:52.235+0200"
2026-08-12T15:25:52.235+0200 [INFO]  provider.terraform-provider-nutanix_v2.4.2.exe: 2026/08/12 15:25:52 [DEBUG] setting computed for "enabled_cpu_features" from ComputedKeys: timestamp="2026-08-12T15:25:52.235+0200"
2026-08-12T15:25:52.235+0200 [INFO]  provider.terraform-provider-nutanix_v2.4.2.exe: 2026/08/12 15:25:52 [DEBUG] setting computed for "storage_config" from ComputedKeys: timestamp="2026-08-12T15:25:52.235+0200"
2026-08-12T15:25:52.235+0200 [INFO]  provider.terraform-provider-nutanix_v2.4.2.exe: 2026/08/12 15:25:52 [DEBUG] setting computed for "disks.0.backing_info.0.adfs_volume_group_reference" from ComputedKeys: timestamp="2026-08-12T15:25:52.235+0200"
2026-08-12T15:25:52.236+0200 [INFO]  provider.terraform-provider-nutanix_v2.4.2.exe: 2026/08/12 15:25:52 [DEBUG] setting computed for "disks.0.backing_info.0.vm_disk.0.storage_container" from ComputedKeys: timestamp="2026-08-12T15:25:52.235+0200"
2026-08-12T15:25:52.236+0200 [INFO]  provider.terraform-provider-nutanix_v2.4.2.exe: 2026/08/12 15:25:52 [DEBUG] setting computed for "disks.0.backing_info.0.vm_disk.0.storage_config" from ComputedKeys: timestamp="2026-08-12T15:25:52.235+0200"
2026-08-12T15:25:52.236+0200 [INFO]  provider.terraform-provider-nutanix_v2.4.2.exe: 2026/08/12 15:25:52 [DEBUG] setting computed for "disks.0.backing_info.0.vm_disk.0.data_source.0.reference.0.vm_disk_reference" from ComputedKeys: timestamp="2026-08-12T15:25:52.235+0200"
2026-08-12T15:25:52.236+0200 [INFO]  provider.terraform-provider-nutanix_v2.4.2.exe: 2026/08/12 15:25:52 [DEBUG] setting computed for "disks.0.backing_info.0.adfs_volume_group_reference" from ComputedKeys: timestamp="2026-08-12T15:25:52.235+0200"
2026-08-12T15:25:52.236+0200 [INFO]  provider.terraform-provider-nutanix_v2.4.2.exe: 2026/08/12 15:25:52 [DEBUG] setting computed for "disks.0.backing_info.0.vm_disk.0.storage_container" from ComputedKeys: timestamp="2026-08-12T15:25:52.235+0200"
2026-08-12T15:25:52.236+0200 [INFO]  provider.terraform-provider-nutanix_v2.4.2.exe: 2026/08/12 15:25:52 [DEBUG] setting computed for "disks.0.backing_info.0.vm_disk.0.storage_config" from ComputedKeys: timestamp="2026-08-12T15:25:52.235+0200"
2026-08-12T15:25:52.236+0200 [INFO]  provider.terraform-provider-nutanix_v2.4.2.exe: 2026/08/12 15:25:52 [DEBUG] setting computed for "disks.0.backing_info.0.vm_disk.0.data_source.0.reference.0.vm_disk_reference" from ComputedKeys: timestamp="2026-08-12T15:25:52.235+0200"
2026-08-12T15:25:52.236+0200 [INFO]  provider.terraform-provider-nutanix_v2.4.2.exe: 2026/08/12 15:25:52 [DEBUG] setting computed for "disks.0.backing_info.0.adfs_volume_group_reference" from ComputedKeys: timestamp="2026-08-12T15:25:52.235+0200"
2026-08-12T15:25:52.236+0200 [INFO]  provider.terraform-provider-nutanix_v2.4.2.exe: 2026/08/12 15:25:52 [DEBUG] setting computed for "disks.0.backing_info.0.vm_disk.0.storage_container" from ComputedKeys: timestamp="2026-08-12T15:25:52.236+0200"
2026-08-12T15:25:52.236+0200 [INFO]  provider.terraform-provider-nutanix_v2.4.2.exe: 2026/08/12 15:25:52 [DEBUG] setting computed for "disks.0.backing_info.0.vm_disk.0.storage_config" from ComputedKeys: timestamp="2026-08-12T15:25:52.236+0200"
2026-08-12T15:25:52.236+0200 [INFO]  provider.terraform-provider-nutanix_v2.4.2.exe: 2026/08/12 15:25:52 [DEBUG] setting computed for "disks.0.backing_info.0.vm_disk.0.data_source.0.reference.0.vm_disk_reference" from ComputedKeys: timestamp="2026-08-12T15:25:52.236+0200"
2026-08-12T15:25:52.236+0200 [INFO]  provider.terraform-provider-nutanix_v2.4.2.exe: 2026/08/12 15:25:52 [DEBUG] setting computed for "disks.0.backing_info.0.vm_disk.0.storage_container" from ComputedKeys: timestamp="2026-08-12T15:25:52.236+0200"
2026-08-12T15:25:52.236+0200 [INFO]  provider.terraform-provider-nutanix_v2.4.2.exe: 2026/08/12 15:25:52 [DEBUG] setting computed for "disks.0.backing_info.0.vm_disk.0.storage_config" from ComputedKeys: timestamp="2026-08-12T15:25:52.236+0200"
2026-08-12T15:25:52.236+0200 [INFO]  provider.terraform-provider-nutanix_v2.4.2.exe: 2026/08/12 15:25:52 [DEBUG] setting computed for "disks.0.backing_info.0.vm_disk.0.data_source.0.reference.0.vm_disk_reference" from ComputedKeys: timestamp="2026-08-12T15:25:52.236+0200"
2026-08-12T15:25:52.236+0200 [INFO]  provider.terraform-provider-nutanix_v2.4.2.exe: 2026/08/12 15:25:52 [DEBUG] setting computed for "disks.0.backing_info.0.vm_disk.0.data_source.0.reference.0.vm_disk_reference" from ComputedKeys: timestamp="2026-08-12T15:25:52.236+0200"
2026-08-12T15:25:52.236+0200 [INFO]  provider.terraform-provider-nutanix_v2.4.2.exe: 2026/08/12 15:25:52 [DEBUG] setting computed for "disks.0.backing_info.0.vm_disk.0.data_source.0.reference.0.vm_disk_reference" from ComputedKeys: timestamp="2026-08-12T15:25:52.236+0200"
2026-08-12T15:25:52.236+0200 [INFO]  provider.terraform-provider-nutanix_v2.4.2.exe: 2026/08/12 15:25:52 [DEBUG] setting computed for "vtpm_config" from ComputedKeys: timestamp="2026-08-12T15:25:52.236+0200"
2026-08-12T15:25:52.236+0200 [INFO]  provider.terraform-provider-nutanix_v2.4.2.exe: 2026/08/12 15:25:52 [DEBUG] setting computed for "host" from ComputedKeys: timestamp="2026-08-12T15:25:52.236+0200"
2026-08-12T15:25:52.237+0200 [INFO]  provider.terraform-provider-nutanix_v2.4.2.exe: 2026/08/12 15:25:52 [DEBUG] setting computed for "nics.0.backing_info" from ComputedKeys: timestamp="2026-08-12T15:25:52.236+0200"
2026-08-12T15:25:52.237+0200 [INFO]  provider.terraform-provider-nutanix_v2.4.2.exe: 2026/08/12 15:25:52 [DEBUG] setting computed for "nics.0.network_info" from ComputedKeys: timestamp="2026-08-12T15:25:52.236+0200"
2026-08-12T15:25:52.237+0200 [INFO]  provider.terraform-provider-nutanix_v2.4.2.exe: 2026/08/12 15:25:52 [DEBUG] setting computed for "nics.0.nic_backing_info" from ComputedKeys: timestamp="2026-08-12T15:25:52.236+0200"
2026-08-12T15:25:52.237+0200 [INFO]  provider.terraform-provider-nutanix_v2.4.2.exe: 2026/08/12 15:25:52 [DEBUG] setting computed for "nics.0.nic_network_info.0.sriov_nic_network_info" from ComputedKeys: timestamp="2026-08-12T15:25:52.236+0200"
2026-08-12T15:25:52.237+0200 [INFO]  provider.terraform-provider-nutanix_v2.4.2.exe: 2026/08/12 15:25:52 [DEBUG] setting computed for "nics.0.nic_network_info.0.dp_offload_nic_network_info" from ComputedKeys: timestamp="2026-08-12T15:25:52.237+0200"
2026-08-12T15:25:52.237+0200 [INFO]  provider.terraform-provider-nutanix_v2.4.2.exe: 2026/08/12 15:25:52 [DEBUG] setting computed for "nics.0.nic_network_info.0.virtual_ethernet_nic_network_info.0.trunked_vlans" from ComputedKeys: timestamp="2026-08-12T15:25:52.237+0200"
2026-08-12T15:25:52.237+0200 [INFO]  provider.terraform-provider-nutanix_v2.4.2.exe: 2026/08/12 15:25:52 [DEBUG] setting computed for "nics.0.nic_network_info.0.virtual_ethernet_nic_network_info.0.ipv4_config" from ComputedKeys: timestamp="2026-08-12T15:25:52.237+0200"
2026-08-12T15:25:52.237+0200 [INFO]  provider.terraform-provider-nutanix_v2.4.2.exe: 2026/08/12 15:25:52 [DEBUG] setting computed for "nics.0.nic_network_info.0.virtual_ethernet_nic_network_info.0.ipv4_info" from ComputedKeys: timestamp="2026-08-12T15:25:52.237+0200"
2026-08-12T15:25:52.237+0200 [INFO]  provider.terraform-provider-nutanix_v2.4.2.exe: 2026/08/12 15:25:52 [DEBUG] setting computed for "nics.0.nic_network_info.0.virtual_ethernet_nic_network_info.0.network_function_chain" from ComputedKeys: timestamp="2026-08-12T15:25:52.237+0200"
2026-08-12T15:25:52.237+0200 [INFO]  provider.terraform-provider-nutanix_v2.4.2.exe: 2026/08/12 15:25:52 [DEBUG] setting computed for "nics.0.nic_network_info.0.virtual_ethernet_nic_network_info.0.ipv6_info" from ComputedKeys: timestamp="2026-08-12T15:25:52.237+0200"
2026-08-12T15:25:52.237+0200 [INFO]  provider.terraform-provider-nutanix_v2.4.2.exe: 2026/08/12 15:25:52 [DEBUG] setting computed for "nics.0.backing_info" from ComputedKeys: timestamp="2026-08-12T15:25:52.237+0200"
2026-08-12T15:25:52.237+0200 [INFO]  provider.terraform-provider-nutanix_v2.4.2.exe: 2026/08/12 15:25:52 [DEBUG] setting computed for "nics.0.network_info" from ComputedKeys: timestamp="2026-08-12T15:25:52.237+0200"
2026-08-12T15:25:52.237+0200 [INFO]  provider.terraform-provider-nutanix_v2.4.2.exe: 2026/08/12 15:25:52 [DEBUG] setting computed for "nics.0.nic_backing_info" from ComputedKeys: timestamp="2026-08-12T15:25:52.237+0200"
2026-08-12T15:25:52.237+0200 [INFO]  provider.terraform-provider-nutanix_v2.4.2.exe: 2026/08/12 15:25:52 [DEBUG] setting computed for "nics.0.nic_network_info.0.dp_offload_nic_network_info" from ComputedKeys: timestamp="2026-08-12T15:25:52.237+0200"
2026-08-12T15:25:52.237+0200 [INFO]  provider.terraform-provider-nutanix_v2.4.2.exe: 2026/08/12 15:25:52 [DEBUG] setting computed for "nics.0.nic_network_info.0.virtual_ethernet_nic_network_info.0.ipv4_config" from ComputedKeys: timestamp="2026-08-12T15:25:52.237+0200"
2026-08-12T15:25:52.237+0200 [INFO]  provider.terraform-provider-nutanix_v2.4.2.exe: 2026/08/12 15:25:52 [DEBUG] setting computed for "nics.0.nic_network_info.0.virtual_ethernet_nic_network_info.0.ipv4_info" from ComputedKeys: timestamp="2026-08-12T15:25:52.237+0200"
2026-08-12T15:25:52.237+0200 [INFO]  provider.terraform-provider-nutanix_v2.4.2.exe: 2026/08/12 15:25:52 [DEBUG] setting computed for "nics.0.nic_network_info.0.virtual_ethernet_nic_network_info.0.network_function_chain" from ComputedKeys: timestamp="2026-08-12T15:25:52.237+0200"
2026-08-12T15:25:52.237+0200 [INFO]  provider.terraform-provider-nutanix_v2.4.2.exe: 2026/08/12 15:25:52 [DEBUG] setting computed for "nics.0.nic_network_info.0.virtual_ethernet_nic_network_info.0.ipv6_info" from ComputedKeys: timestamp="2026-08-12T15:25:52.237+0200"
2026-08-12T15:25:52.237+0200 [INFO]  provider.terraform-provider-nutanix_v2.4.2.exe: 2026/08/12 15:25:52 [DEBUG] setting computed for "nics.0.nic_network_info.0.virtual_ethernet_nic_network_info.0.trunked_vlans" from ComputedKeys: timestamp="2026-08-12T15:25:52.237+0200"
2026-08-12T15:25:52.237+0200 [INFO]  provider.terraform-provider-nutanix_v2.4.2.exe: 2026/08/12 15:25:52 [DEBUG] setting computed for "nics.0.nic_network_info.0.sriov_nic_network_info" from ComputedKeys: timestamp="2026-08-12T15:25:52.237+0200"
2026-08-12T15:25:52.237+0200 [INFO]  provider.terraform-provider-nutanix_v2.4.2.exe: 2026/08/12 15:25:52 [DEBUG] setting computed for "nics.0.nic_network_info.0.dp_offload_nic_network_info" from ComputedKeys: timestamp="2026-08-12T15:25:52.237+0200"
2026-08-12T15:25:52.237+0200 [INFO]  provider.terraform-provider-nutanix_v2.4.2.exe: 2026/08/12 15:25:52 [DEBUG] setting computed for "nics.0.nic_network_info.0.virtual_ethernet_nic_network_info.0.ipv4_config" from ComputedKeys: timestamp="2026-08-12T15:25:52.237+0200"
2026-08-12T15:25:52.237+0200 [INFO]  provider.terraform-provider-nutanix_v2.4.2.exe: 2026/08/12 15:25:52 [DEBUG] setting computed for "nics.0.nic_network_info.0.virtual_ethernet_nic_network_info.0.ipv4_info" from ComputedKeys: timestamp="2026-08-12T15:25:52.237+0200"
2026-08-12T15:25:52.237+0200 [INFO]  provider.terraform-provider-nutanix_v2.4.2.exe: 2026/08/12 15:25:52 [DEBUG] setting computed for "nics.0.nic_network_info.0.virtual_ethernet_nic_network_info.0.network_function_chain" from ComputedKeys: timestamp="2026-08-12T15:25:52.237+0200"
2026-08-12T15:25:52.238+0200 [INFO]  provider.terraform-provider-nutanix_v2.4.2.exe: 2026/08/12 15:25:52 [DEBUG] setting computed for "nics.0.nic_network_info.0.virtual_ethernet_nic_network_info.0.ipv6_info" from ComputedKeys: timestamp="2026-08-12T15:25:52.237+0200"
2026-08-12T15:25:52.238+0200 [INFO]  provider.terraform-provider-nutanix_v2.4.2.exe: 2026/08/12 15:25:52 [DEBUG] setting computed for "nics.0.nic_network_info.0.virtual_ethernet_nic_network_info.0.trunked_vlans" from ComputedKeys: timestamp="2026-08-12T15:25:52.237+0200"
2026-08-12T15:25:52.238+0200 [INFO]  provider.terraform-provider-nutanix_v2.4.2.exe: 2026/08/12 15:25:52 [DEBUG] setting computed for "nics.0.nic_network_info.0.virtual_ethernet_nic_network_info.0.ipv4_config" from ComputedKeys: timestamp="2026-08-12T15:25:52.237+0200"
2026-08-12T15:25:52.238+0200 [INFO]  provider.terraform-provider-nutanix_v2.4.2.exe: 2026/08/12 15:25:52 [DEBUG] setting computed for "nics.0.nic_network_info.0.virtual_ethernet_nic_network_info.0.ipv4_info" from ComputedKeys: timestamp="2026-08-12T15:25:52.237+0200"
2026-08-12T15:25:52.238+0200 [INFO]  provider.terraform-provider-nutanix_v2.4.2.exe: 2026/08/12 15:25:52 [DEBUG] setting computed for "nics.0.nic_network_info.0.virtual_ethernet_nic_network_info.0.network_function_chain" from ComputedKeys: timestamp="2026-08-12T15:25:52.237+0200"
2026-08-12T15:25:52.238+0200 [INFO]  provider.terraform-provider-nutanix_v2.4.2.exe: 2026/08/12 15:25:52 [DEBUG] setting computed for "nics.0.nic_network_info.0.virtual_ethernet_nic_network_info.0.ipv6_info" from ComputedKeys: timestamp="2026-08-12T15:25:52.237+0200"
2026-08-12T15:25:52.238+0200 [INFO]  provider.terraform-provider-nutanix_v2.4.2.exe: 2026/08/12 15:25:52 [DEBUG] setting computed for "nics.0.nic_network_info.0.virtual_ethernet_nic_network_info.0.trunked_vlans" from ComputedKeys: timestamp="2026-08-12T15:25:52.237+0200"
2026-08-12T15:25:52.238+0200 [INFO]  provider.terraform-provider-nutanix_v2.4.2.exe: 2026/08/12 15:25:52 [DEBUG] setting computed for "nics.0.nic_network_info.0.sriov_nic_network_info" from ComputedKeys: timestamp="2026-08-12T15:25:52.237+0200"
2026-08-12T15:25:52.240+0200 [INFO]  provider.terraform-provider-nutanix_v2.4.2.exe: 2026/08/12 15:25:52 [DEBUG] guestCustomizationParams.Config: [map[cloud_init:[map[cloud_init_script:[map[custom_key_values:[] user_data:[map[value:I2Nsb3VkLWNvbmZpZwp1c2VyczoKICAtIG5hbWU6IHVidW50dQogICAgc3VkbzogQUxMPShBTEwpIE5PUEFTU1dEOkFMTAogICAgc2hlbGw6IC9iaW4vYmFzaAogICAgbG9ja19wYXNzd2Q6IHRydWUKICAgIHNzaF9hdXRob3JpemVkX2tleXM6CiAgICAgIC0gc3NoLWVkMjU1MTkgQUFBQUMzTnphQzFsWkRJMU5URTVBQUFBSU1RT2VOYnpXRkpXZmwrWFdRcVBKK1ZSM3Y5Z21IUmZ6WTQveFEwbUZXUlYgdnNjb2RlLXJlbW90ZS1mZWRvcmEKCnBhY2thZ2VfdXBkYXRlOiB0cnVlCnBhY2thZ2VzOgogIC0gcWVtdS1ndWVzdC1hZ2VudAo=]]]] datasource_type:CONFIG_DRIVE_V2 metadata:aW5zdGFuY2UtaWQ6IGhkdmRldm9wcwpsb2NhbC1ob3N0bmFtZTogaGR2ZGV2b3BzCg==]] sysprep:[]]]: timestamp="2026-08-12T15:25:52.239+0200"
2026-08-12T15:25:52.241+0200 [INFO]  provider.terraform-provider-nutanix_v2.4.2.exe: 2026/08/12 15:25:52 [DEBUG] cloudInitObj expanded: {"$objectType":"vmm.v4.ahv.config.CloudInit","$reserved":{"$fv":"v4.r2"},"cloudInitScript":{"$objectType":"vmm.v4.ahv.config.Userdata","$reserved":{"$fv":"v4.r2"},"value":"I2Nsb3VkLWNvbmZpZwp1c2VyczoKICAtIG5hbWU6IHVidW50dQogICAgc3VkbzogQUxMPShBTEwpIE5PUEFTU1dEOkFMTAogICAgc2hlbGw6IC9iaW4vYmFzaAogICAgbG9ja19wYXNzd2Q6IHRydWUKICAgIHNzaF9hdXRob3JpemVkX2tleXM6CiAgICAgIC0gc3NoLWVkMjU1MTkgQUFBQUMzTnphQzFsWkRJMU5URTVBQUFBSU1RT2VOYnpXRkpXZmwrWFdRcVBKK1ZSM3Y5Z21IUmZ6WTQveFEwbUZXUlYgdnNjb2RlLXJlbW90ZS1mZWRvcmEKCnBhY2thZ2VfdXBkYXRlOiB0cnVlCnBhY2thZ2VzOgogIC0gcWVtdS1ndWVzdC1hZ2VudAo="},"datasourceType":"CONFIG_DRIVE_V2","metadata":"aW5zdGFuY2UtaWQ6IGhkdmRldm9wcwpsb2NhbC1ob3N0bmFtZTogaGR2ZGV2b3BzCg=="}: timestamp="2026-08-12T15:25:52.240+0200"
2026-08-12T15:25:52.241+0200 [INFO]  provider.terraform-provider-nutanix_v2.4.2.exe: 2026/08/12 15:25:52 [DEBUG] guestCustomizationConfig expanded: {"$objectType":"vmm.v4.ahv.config.CloudInit","$reserved":{"$fv":"v4.r2"},"cloudInitScript":{"$objectType":"vmm.v4.ahv.config.Userdata","$reserved":{"$fv":"v4.r2"},"value":"I2Nsb3VkLWNvbmZpZwp1c2VyczoKICAtIG5hbWU6IHVidW50dQogICAgc3VkbzogQUxMPShBTEwpIE5PUEFTU1dEOkFMTAogICAgc2hlbGw6IC9iaW4vYmFzaAogICAgbG9ja19wYXNzd2Q6IHRydWUKICAgIHNzaF9hdXRob3JpemVkX2tleXM6CiAgICAgIC0gc3NoLWVkMjU1MTkgQUFBQUMzTnphQzFsWkRJMU5URTVBQUFBSU1RT2VOYnpXRkpXZmwrWFdRcVBKK1ZSM3Y5Z21IUmZ6WTQveFEwbUZXUlYgdnNjb2RlLXJlbW90ZS1mZWRvcmEKCnBhY2thZ2VfdXBkYXRlOiB0cnVlCnBhY2thZ2VzOgogIC0gcWVtdS1ndWVzdC1hZ2VudAo="},"datasourceType":"CONFIG_DRIVE_V2","metadata":"aW5zdGFuY2UtaWQ6IGhkdmRldm9wcwpsb2NhbC1ob3N0bmFtZTogaGR2ZGV2b3BzCg=="}: timestamp="2026-08-12T15:25:52.241+0200"
2026-08-12T15:25:52.241+0200 [INFO]  provider.terraform-provider-nutanix_v2.4.2.exe: 2026/08/12 15:25:52 [DEBUG] guestCustomizationParams: {"config":{"$objectType":"vmm.v4.ahv.config.CloudInit","$reserved":{"$fv":"v4.r2"},"cloudInitScript":{"$objectType":"vmm.v4.ahv.config.Userdata","$reserved":{"$fv":"v4.r2"},"value":"I2Nsb3VkLWNvbmZpZwp1c2VyczoKICAtIG5hbWU6IHVidW50dQogICAgc3VkbzogQUxMPShBTEwpIE5PUEFTU1dEOkFMTAogICAgc2hlbGw6IC9iaW4vYmFzaAogICAgbG9ja19wYXNzd2Q6IHRydWUKICAgIHNzaF9hdXRob3JpemVkX2tleXM6CiAgICAgIC0gc3NoLWVkMjU1MTkgQUFBQUMzTnphQzFsWkRJMU5URTVBQUFBSU1RT2VOYnpXRkpXZmwrWFdRcVBKK1ZSM3Y5Z21IUmZ6WTQveFEwbUZXUlYgdnNjb2RlLXJlbW90ZS1mZWRvcmEKCnBhY2thZ2VfdXBkYXRlOiB0cnVlCnBhY2thZ2VzOgogIC0gcWVtdS1ndWVzdC1hZ2VudAo="},"datasourceType":"CONFIG_DRIVE_V2","metadata":"aW5zdGFuY2UtaWQ6IGhkdmRldm9wcwpsb2NhbC1ob3N0bmFtZTogaGR2ZGV2b3BzCg=="}}: timestamp="2026-08-12T15:25:52.241+0200"
2026-08-12T15:25:52.241+0200 [INFO]  provider.terraform-provider-nutanix_v2.4.2.exe: 2026/08/12 15:25:52 [DEBUG] Expanding new nic_network_info: timestamp="2026-08-12T15:25:52.241+0200"
2026-08-12T15:25:52.244+0200 [INFO]  provider.terraform-provider-nutanix_v2.4.2.exe: 2026/08/12 15:25:52 [DEBUG] Vm Create Request Payload: {
 "bootConfig": {
  "$objectType": "vmm.v4.ahv.config.UefiBoot",
  "$reserved": {
   "$fv": "v4.r2"
  },
  "bootOrder": [
   "DISK",
   "NETWORK",
   "CDROM"
  ],
  "isSecureBootEnabled": false
 },
 "cluster": {
  "extId": "0005b4db-f6b4-0926-62f9-3cecef178022"
 },
 "description": "Machine virtuelle sous Linux pour Intranet DevOps",
 "disks": [
  {
   "backingInfo": {
    "$objectType": "vmm.v4.ahv.config.VmDisk",
    "$reserved": {
     "$fv": "v4.r2"
    },
    "dataSource": {
     "reference": {
      "$objectType": "vmm.v4.ahv.config.ImageReference",
      "$reserved": {
       "$fv": "v4.r2"
      },
      "imageExtId": "a10febd0-ccca-4b3e-9ba2-52d19d5fa782"
     }
    },
    "diskSizeBytes": 42949672960
   },
   "diskAddress": {
    "busType": "SCSI",
    "index": 0
   }
  }
 ],
 "guestCustomization": {
  "config": {
   "$objectType": "vmm.v4.ahv.config.CloudInit",
   "$reserved": {
    "$fv": "v4.r2"
   },
   "cloudInitScript": {
    "$objectType": "vmm.v4.ahv.config.Userdata",
    "$reserved": {
     "$fv": "v4.r2"
    },
    "value": "I2Nsb3VkLWNvbmZpZwp1c2VyczoKICAtIG5hbWU6IHVidW50dQogICAgc3VkbzogQUxMPShBTEwpIE5PUEFTU1dEOkFMTAogICAgc2hlbGw6IC9iaW4vYmFzaAogICAgbG9ja19wYXNzd2Q6IHRydWUKICAgIHNzaF9hdXRob3JpemVkX2tleXM6CiAgICAgIC0gc3NoLWVkMjU1MTkgQUFBQUMzTnphQzFsWkRJMU5URTVBQUFBSU1RT2VOYnpXRkpXZmwrWFdRcVBKK1ZSM3Y5Z21IUmZ6WTQveFEwbUZXUlYgdnNjb2RlLXJlbW90ZS1mZWRvcmEKCnBhY2thZ2VfdXBkYXRlOiB0cnVlCnBhY2thZ2VzOgogIC0gcWVtdS1ndWVzdC1hZ2VudAo="
   },
   "datasourceType": "CONFIG_DRIVE_V2",
   "metadata": "aW5zdGFuY2UtaWQ6IGhkdmRldm9wcwpsb2NhbC1ob3N0bmFtZTogaGR2ZGV2b3BzCg=="
  }
 },
 "memorySizeBytes": 8589934592,
 "name": "hdvdevops",
 "nics": [
  {
   "$nicNetworkInfoItemDiscriminator": "vmm.v4.ahv.config.VirtualEthernetNicNetworkInfo",
   "$objectType": "vmm.v4.ahv.config.Nic",
   "$reserved": {
    "$fv": "v4.r2"
   },
   "nicNetworkInfo": {
    "$objectType": "vmm.v4.ahv.config.VirtualEthernetNicNetworkInfo",
    "$reserved": {
     "$fv": "v4.r2"
    },
    "nicType": "NORMAL_NIC",
    "shouldAllowUnknownMacs": false,
    "subnet": {
     "extId": "15167a39-c4c5-401d-8847-1878322a90b4"
    },
    "vlanMode": "ACCESS"
   }
  }
 ],
 "numCoresPerSocket": 2,
 "numSockets": 1
}: timestamp="2026-08-12T15:25:52.244+0200"
2026-08-12T15:25:52.248+0200 [WARN]  unexpected data: registry.opentofu.org/nutanix/nutanix:stderr="2026-08-12 13:25:52.244Z INFO - OPTIONS https://172.20.0.200:9440/api/vmm/unversioned/info"
2026-08-12T15:25:52.441+0200 [WARN]  unexpected data: registry.opentofu.org/nutanix/nutanix:stderr="2026-08-12 13:25:52.393Z INFO - HTTP/1.1 200 OK"
2026-08-12T15:25:52.441+0200 [WARN]  unexpected data:
  registry.opentofu.org/nutanix/nutanix:stderr=
  | 2026-08-12 13:25:52.395Z INFO - Negotiated Version with server : v4.2
  | 2026-08-12 13:25:52.396Z INFO - POST https://172.20.0.200:9440/api/vmm/v4.2/ahv/config/vms
  
2026-08-12T15:25:52.630+0200 [INFO]  provider.terraform-provider-nutanix_v2.4.2.exe: 2026/08/12 15:25:52 [DEBUG] Waiting for state to become: [SUCCEEDED]: timestamp="2026-08-12T15:25:52.623+0200"
2026-08-12T15:25:52.632+0200 [WARN]  unexpected data: registry.opentofu.org/nutanix/nutanix:stderr="2026-08-12 13:25:52.621Z INFO - HTTP/1.1 202 ACCEPTED"
2026-08-12T15:25:52.632+0200 [WARN]  unexpected data: registry.opentofu.org/nutanix/nutanix:stderr="2026-08-12 13:25:52.624Z INFO - OPTIONS https://172.20.0.200:9440/api/prism/unversioned/info"
2026-08-12T15:25:52.771+0200 [WARN]  unexpected data: registry.opentofu.org/nutanix/nutanix:stderr="2026-08-12 13:25:52.759Z INFO - HTTP/1.1 200 OK"
2026-08-12T15:25:52.771+0200 [WARN]  unexpected data:
  registry.opentofu.org/nutanix/nutanix:stderr=
  | 2026-08-12 13:25:52.759Z INFO - Negotiated Version with server : v4.3
  | 2026-08-12 13:25:52.759Z INFO - GET https://172.20.0.200:9440/api/prism/v4.3/config/tasks/ZXJnb24=:a586d75a-0bc4-5692-9a19-b1f8e1e96ec8
  
2026-08-12T15:25:52.786+0200 [WARN]  unexpected data: registry.opentofu.org/nutanix/nutanix:stderr="2026-08-12 13:25:52.784Z INFO - HTTP/1.1 200 OK"
2026-08-12T15:25:52.787+0200 [INFO]  provider.terraform-provider-nutanix_v2.4.2.exe: 2026/08/12 15:25:52 [TRACE] Waiting 200ms before next try: timestamp="2026-08-12T15:25:52.786+0200"
2026-08-12T15:25:52.989+0200 [WARN]  unexpected data: registry.opentofu.org/nutanix/nutanix:stderr="2026-08-12 13:25:52.986Z INFO - GET https://172.20.0.200:9440/api/prism/v4.3/config/tasks/ZXJnb24=:a586d75a-0bc4-5692-9a19-b1f8e1e96ec8"
2026-08-12T15:25:53.001+0200 [WARN]  unexpected data: registry.opentofu.org/nutanix/nutanix:stderr="2026-08-12 13:25:53.000Z INFO - HTTP/1.1 200 OK"
2026-08-12T15:25:53.021+0200 [DEBUG] State storage *statemgr.Filesystem declined to persist a state snapshot
2026-08-12T15:25:53.022+0200 [ERROR] vertex "module.vms[\"hdvdevops\"].nutanix_virtual_machine_v2.this" error: error waiting for virtual Machine (ZXJnb24=:a586d75a-0bc4-5692-9a19-b1f8e1e96ec8) to create: error_detail: Failed to perform the operation due to an internal error., progress_message: 100
2026-08-12T15:25:53.042+0200 [DEBUG] provider.stdio: received EOF, stopping recv loop: err="rpc error: code = Unavailable desc = error reading from server: EOF"
2026-08-12T15:25:53.070+0200 [INFO]  provider: plugin process exited: plugin=.terraform/providers/registry.opentofu.org/nutanix/nutanix/2.4.2/windows_amd64/terraform-provider-nutanix_v2.4.2.exe id=15308
2026-08-12T15:25:53.070+0200 [DEBUG] provider: plugin exited
